Incident energy, first deposit (MeV), second deposit (MeV), front detector, back detector, front event, back event
40.857569002101854, 39.443641, 19.76336, 1, 9,9965395, 9965396
1.5487482670860118, 0.145136, 3.4753510329, 1, 21,895506, 895507
41.57630015045254, 40.401520000000005, 0.52789, 2, 4,933458, 933459
1.8285741842950074, 0.681182, 12.236060000000002, 2, 6,3500318, 3500319
46.0043779960979, 1.5240198999999999, 9.9926386, 2, 21,682838, 682838
51.524562439008264, 50.2106658, 0.245552, 3, 5,323111, 323112
3.9517391669400013, 2.90119, 26.876489999999997, 3, 5,7498746, 7498747
5.09992509465917, 4.0696, 7.57696, 3, 6,8366366, 8366367
3.753387605429225, 2.53656, 43.340337500000004, 3, 8,4897279, 4897280
66.38821154806169, 2.5244560000000003, 0.056389, 3, 14,1396138, 1396138
67.21150901637054, 2.5244560000000003, 6.7912641, 3, 15,1396138, 1396138
3.7481679497821005, 2.53656, 10.199424, 3, 17,4897279, 4897280
170.86991992600156, 0.494769, 3.6801313, 4, 4,6034508, 6034508
215.77572049567425, 3.65108, 3.35373, 4, 9,8692329, 8692329
13.974600657989868, 12.79824, 0.714227, 4, 10,544052, 544053
1.5356486611321998, 0.342322, 0.816593, 4, 11,972030, 972031
6.303700158371726, 5.01602961, 0.195875, 4, 16,4789455, 4789456
11.985335784972904, 10.76249, 22.1479106, 4, 21,202333, 202334
12.484062838077648, 11.35008, 1.51783, 4, 24,1211262, 1211263
1.5991323765911147, 0.402653, 0.247539, 5, 4,6762019, 6762020
1.236995054326826, 0.0498012, 4.2959652708, 5, 6,7128738, 7128739
1.6576884164001058, 0.61342, 0.438852, 5, 7,8020974, 8020975
15.046180507384179, 13.9012, 1.73406863, 5, 8,5667949, 5667950
16.051910193139065, 14.757840000000002, 13.875239, 5, 9,3451933, 3451934
31.36520053334482, 0.7926673999999999, 14.7173, 5, 13,9163476, 9163476
4.285135484404009, 3.25619, 0.674021, 5, 14,1084505, 1084506
11.10061547967939, 9.87038, 15.667139599999999, 5, 14,3504516, 3504517
1.6008214133086085, 0.483167, 0.0605543, 5, 14,3738709, 3738710
1.2404234945286134, 0.0498012, 1.05104, 5, 16,7128738, 7128739
11.848583197267203, 10.48901, 0.126467, 5, 18,7566379, 7566380
15.988906705916975, 14.757840000000002, 0.0848922, 5, 20,3451933, 3451934
16.31536224670822, 14.992609999999999, 3.4753510329, 5, 21,895506, 895507
51.02627740803928, 3.236586, 3.5840531, 5, 22,6715656, 6715656
1.5953335087781397, 0.5903596925, 3.77743891, 6, 2,1642409, 1642410
3.736540969257703, 2.50425, 28.26075, 6, 3,2357317, 2357318
17.602604515286657, 16.3508, 70.78931, 6, 8,3160703, 3160704
74.45912131942407, 1.12891, 5.6730617, 6, 12,6358517, 6358517
52.09998106980572, 4.860494, 0.0238843, 6, 13,3175515, 3175515
1.7161690118471142, 0.536682, 12.251546000000001, 6, 16,2442162, 2442163
1.4399138679923453, 0.40299, 7.2423, 6, 16,7480274, 7480275
20.242180413736264, 18.8275, 10.11994, 6, 19,714556, 714557
1.2534797834748588, 0.0330197, 1.70613, 6, 21,4672552, 4672553
3.7269448412923794, 2.50425, 13.37933897, 6, 22,2357317, 2357318
188.4182817164849, 0.7356604, 2.7257346, 6, 23,899843, 899843
105.50000948809566, 6.189158170800001, 4.6390799, 7, 3,8949902, 8949902
39.800363874920095, 38.202400000000004, 15.50824, 7, 11,2222539, 2222540
26.29622201373354, 25.062068699999998, 6.9475076708, 7, 14,1490590, 1490591
1.159143349333931, 0.00408121, 0.110694, 7, 15,7981598, 7981599
2.0908958250540763, 0.9176820000000001, 13.07943, 7, 17,5217048, 5217049
18.601939123986085, 15.727124, 0.108253, 7, 20,7210548, 7210548
1.448089313835112, 0.265458, 0.264984, 7, 23,4583674, 4583675
32.417090627172115, 31.149403999999997, 6.6349581869000005, 8, 9,7211820, 7211821
1.8939816761893553, 0.831152, 12.49178, 8, 10,9859780, 9859781
1.371675052857995, 0.237806, 0.874379, 8, 11,9128752, 9128753
162.87864281934185, 8.29951, 3.5541342, 8, 17,9743576, 9743576
157.74958545939808, 0.0786587, 1.7276799999999999, 8, 20,1136692, 1136692
1.339147398660316, 0.0969687, 0.679678, 9, 6,7974163, 7974164
2.008317200571014, 0.837877, 0.00073548, 9, 7,2881037, 2881038
26.67804587171213, 25.5371949, 0.384923, 9, 10,4578904, 4578905
1.6820911949159836, 0.478142, 28.135389999999997, 9, 15,3996339, 3996340
1.3825040778789344, 0.154584, 9.5801637164, 9, 22,3609013, 3609014
3.773393283182827, 2.55201, 28.031938, 10, 3,8920769, 8920770
34.50561771240666, 33.306364, 7.51385, 10, 10,6754073, 6754074
1.6415339200191283, 0.539825, 26.96708, 10, 13,2341800, 2341801
1.7960935066803358, 0.631284, 0.409075, 10, 13,9797417, 9797418
517.2995643006623, 0.14862853, 0.056389, 10, 14,1396138, 1396138
115.44280952128929, 9.267565000000001, 1.10327, 10, 14,1758905, 1758905
546.440073702358, 0.14862853, 6.7912641, 10, 15,1396138, 1396138
1.3253920030015252, 0.215698, 0.537698, 10, 21,9085568, 9085569
37.25165548658754, 35.8578, 0.641164, 10, 23,5131760, 5131761
1.9339212009597304, 0.929777, 5.70748, 11, 3,4691570, 4691571
3.746168229692671, 2.53825, 0.921975, 11, 9,6510930, 6510931
1.7697163504318496, 0.625309, 2.5815234, 11, 13,4526991, 4526992
1.2690462126854527, 0.236171, 0.375174, 11, 16,920624, 920625
4.515175212384634, 3.2889263, 34.57976, 11, 16,1297010, 1297011
164.4071443092123, 3.028214, 2.9512015, 12, 8,3500604, 3500604
10.531216553603485, 9.339220000000001, 5.90906, 12, 12,271165, 271166
224.11586441046234, 0.213422, 0.545673, 12, 17,7150219, 7150219
18.890600591772113, 17.59874, 0.0309329, 12, 19,6177916, 6177917
1.2779452320485234, 0.167443, 0.485193, 12, 21,9451330, 9451331
1.5946427275642918, 0.489719, 0.386616, 12, 22,9542450, 9542451
10.569897757160788, 9.339220000000001, 34.7412185, 12, 24,271165, 271166
27.820925649767105, 26.332079999999998, 17.42212, 13, 10,7921764, 7921765
13.793617071864674, 12.5551, 4.1153539, 13, 12,3679463, 3679464
1.582616599818607, 0.418906, 0.06747, 13, 19,2835322, 2835323
6.850438410440688, 5.694416, 16.39199, 13, 21,4744385, 4744386
19.17154720009205, 17.715915138, 7.7443, 13, 21,6851509, 6851510
173.36906960578744, 0.00407049, 5.5011929, 13, 24,3003273, 3003273
5.591148151584093, 4.408, 0.122297, 14, 4,4397008, 4397009
1.61399725242768, 0.418127, 15.193023, 14, 5,7540010, 7540011
7.806906552817054, 6.63899, 44.25456200000001, 14, 6,6150624, 6150625
2.414806338020753, 1.36462, 0.6125, 14, 7,5236137, 5236138
1.8195036819694224, 0.597975, 44.30185, 14, 7,6802526, 6802527
2.5348703600526505, 1.49968, 1.73406863, 14, 8,5667949, 5667950
7.660715942356774, 6.3480908, 27.0088, 14, 9,7623334, 7623335
50.10458262165537, 10.687161799999998, 10.614153, 15, 6,7111512, 7111512
21.419640422897032, 20.16002, 42.3633014, 15, 7,1173198, 1173199
21.51496837397906, 20.16002, 5.6814679, 15, 8,1173198, 1173199
1.4146448538108416, 0.240314, 9.141831, 15, 8,5425623, 5425624
110.91621488282908, 1.09257, 0.142759, 15, 10,4164236, 4164236
158.78325506491933, 2.07794, 2.2254832, 15, 18,6224903, 6224903
105.05899626528526, 9.167549999999999, 0.0969324, 15, 20,988392, 988391
2.156398218028471, 0.987311, 10.8146476, 15, 20,4309161, 4309162
22.198637327105075, 20.699839, 0.62277, 15, 21,8529220, 8529221
4.909817862963791, 3.7582407998, 14.7158511, 16, 2,2065694, 2065695
103.6373922064588, 2.4825293999999998, 4.9888098, 16, 3,8883312, 8883312
2.333882659494293, 1.11833, 6.285731, 16, 5,4570285, 4570286
2.002799998543992, 0.816455, 39.1053, 16, 6,7243091, 7243092
1.3062540039676378, 0.124953, 8.2262774, 16, 15,6585729, 6585730
5.12733683628835, 4.002015, 10.6624151, 16, 18,2547041, 2547042
80.27756186548663, 12.9752374, 6.23795, 16, 21,577825, 577825
134.02090344888052, 15.1679, 3.72593, 16, 21,7586452, 7586452
2.191684034760783, 1.07065, 13.1562, 16, 22,7224141, 7224142
2.211255534934253, 1.0047885421, 3.7224151, 17, 5,3825080, 3825081
3.487222539308277, 2.3198, 4.10125, 17, 14,7713858, 7713859
84.3088990233656, 2.0087653100000002, 5.4539762000000005, 18, 4,1990909, 1990909
1.8914416626029151, 0.780505, 0.0728007, 18, 10,1188833, 1188834
39.38819571680801, 7.12795, 14.033365, 18, 12,2513932, 2513932
6.368208537028067, 5.177115220799999, 0.42559, 18, 18,6375516, 6375517
82.37742727076579, 11.753432499999999, 6.140032000000001, 18, 19,4214131, 4214131
18.276004004780134, 16.9325, 0.9344181, 18, 21,1825291, 1825292
6.393694918866913, 5.2009586, 2.6085385, 18, 24,6585403, 6585404
54.07469574707727, 52.35145, 2.9897733285, 19, 1,6388423, 6388424
1.416255909938286, 0.238171, 12.583458839099999, 19, 4,1750455, 1750456
2.7588499349227504, 1.6460817269999999, 0.371265, 19, 9,6044015, 6044016
1.827054551975607, 0.678552, 16.1117, 19, 11,323521, 323522
34.82210174623606, 33.53464, 12.400083, 19, 17,7872589, 7872590
1.1876893765477234, 0.0586187, 0.725374, 19, 18,1799120, 1799121
140.68028343794026, 21.18710976, 3.8569843, 20, 7,4302008, 4302008
16.970947598579755, 15.810994999999998, 0.120098, 20, 10,6705038, 6705039
1.5210404692138582, 0.46708, 0.111598, 20, 14,4747181, 4747182
1.5247339306982894, 0.290408, 2.34834, 20, 16,8068242, 8068243
24.96764078079218, 0.00333891, 4.6407, 20, 18,1667807, 1667807
6.955820415809967, 5.83983, 5.63457, 20, 19,6015082, 6015083
15.887309340378351, 14.7716584, 0.711787, 21, 4,1577992, 1577993
1.9995724987882113, 0.748099, 2.70545, 21, 6,3341262, 3341263
2.761294575113652, 1.64244, 0.341089, 21, 8,1726032, 1726033
156.7463386266245, 23.727554516999998, 3.35373, 21, 9,8692329, 8692329
9.804468917809459, 8.5582, 14.86263, 21, 17,4190027, 4190028
72.72618500365172, 36.0189775, 11.5406513, 21, 19,7863854, 7863854
8.790246995471534, 7.657661, 2.19246, 22, 1,7871590, 7871591
2.952313171765354, 1.6808641, 0.50265, 22, 4,1653388, 1653389
1.4458277000800308, 0.184386, 33.450089999999996, 22, 6,3291651, 3291652
1.8870014398519288, 0.814036, 0.403323, 22, 6,4818823, 4818824
2.503286061075869, 1.45191, 0.933364, 22, 7,6484742, 6484743
21.329627525189608, 4.058574, 16.0735, 22, 8,9720503, 9720503
11.505973087108941, 10.446472, 5.3150909, 22, 11,4702554, 4702555
12.595751666075557, 11.195250000000001, 31.789219999999997, 22, 13,3639008, 3639009
1.3608901635756183, 0.190671, 7.94496, 22, 14,6062354, 6062355
1.4907045521578084, 0.293792, 27.319300000000002, 22, 15,1801086, 1801087
1.3842756042187148, 0.099539, 7.2927436000000005, 22, 15,9697863, 9697864
1.6818680969267916, 0.460244, 7.5750135, 22, 16,3540314, 3540315
1.2200085427605245, 0.201446, 0.628183, 22, 21,692559, 692560
1.2809724828671278, 0.0651637, 0.413479, 22, 21,3620748, 3620749
1.3324334379441325, 0.187389, 30.747880000000002, 23, 3,4455528, 4455529
1.2273312153459983, 0.000566489, 1.18943, 23, 6,423575, 423576
2.126924779554656, 0.99386, 0.109555, 23, 10,7522985, 7522986
9.589571937445271, 8.407802, 8.803429999999999, 23, 14,8051146, 8051147
8.315882837627896, 7.0834, 0.441513, 23, 21,4970076, 4970077
81.26435330350216, 4.4822308, 5.2319803, 23, 24,508852, 508852
6.088016702623349, 5.0234895, 19.13355, 24, 5,5300367, 5300368
22.434549826614557, 20.957910000000002, 18.823547899999998, 24, 8,9388183, 9388184
73.2698193781132, 71.37385, 2.1698808, 24, 9,3257541, 3257542
102.06975972765485, 18.3527838, 4.884049399999999, 24, 11,7540056, 7540056
1.4116763334810685, 0.30664, 0.0483454, 24, 12,4714575, 4714576
12.840495089783417, 11.55711, 23.346439999999998, 24, 15,1943541, 1943542
33.95909105151645, 8.51506, 24.15377934, 24, 17,8709845, 8709845
1.7286789897819972, 0.612489, 0.0644518, 24, 18,5086101, 5086102
38.34298912676809, 36.878119999999996, 0.444412, 24, 20,7239726, 7239727
43.172727162846854, 0.0377111, 9.4464259, 24, 21,5391436, 5391436
1.9951429395284777, 0.803201, 16.3185, 1, 2,3905640, 3905641
13.267235966057115, 12.049430000000001, 6.54979, 1, 6,1048056, 1048057
2.386590288015441, 1.25576, 5.1260712, 1, 11,4401629, 4401630
7.9432473652930184, 6.69411, 0.240297, 1, 16,5656808, 5656809
5.687495945982619, 4.44592, 16.7746276708, 2, 13,6254068, 6254069
14.814567104052117, 13.632954, 0.174565, 2, 16,4204615, 4204616
4.99747490301047, 3.8648286999999995, 0.238017, 2, 18,9637826, 9637827
5.677188057445392, 4.44592, 2.09351, 2, 24,6254068, 6254069
1.7731713050245617, 0.545415, 0.27529, 3, 11,4498581, 4498582
119.34508908334692, 22.1723916, 4.9210457000000005, 3, 16,1683049, 1683049
1.763503394853501, 0.60743, 1.09172, 3, 22,1543972, 1543973
2.115470443919321, 0.9400803, 3.6757799999999996, 4, 3,2838050, 2838051
95.37853077396971, 42.3520679, 0.0227418, 4, 13,4279871, 4279871
2.6084018586290085, 1.37443, 45.889700000000005, 4, 16,89444, 89445
4.465412598615671, 3.41098, 14.34541, 4, 22,9925958, 9925959
18.308235733254946, 17.236079399999998, 0.409442, 4, 23,4107084, 4107085
62.7509168190395, 0.243483, 6.9042466000000005, 5, 3,8612725, 8612725
11.500186888613143, 10.2175, 16.677408, 5, 8,2032951, 2032952
2.3940590204509817, 1.21144, 0.598349, 5, 10,4890757, 4890758
11.52323234590142, 10.46754, 22.114573, 5, 11,4784906, 4784907
13.01574003671817, 11.6679252708, 0.439913, 5, 21,5584572, 5584573
3.6870431815606253, 2.45114, 0.8992044, 5, 22,4818966, 4818967
181.90735523464127, 0.960705, 2.81225, 6, 8,6744806, 6744806
2.0781820416573282, 0.845645, 23.4664, 6, 23,5261351, 5261352
4.875099415421346, 3.8634042, 11.9794, 6, 24,3634404, 3634405
51.65783009273105, 0.935783, 7.90475494, 7, 1,1694217, 1694217
141.90928202845748, 17.8041, 0.0188363, 7, 1,7029464, 7029464
13.03944767162352, 11.8423, 21.705869999999997, 7, 6,7743493, 7743494
24.606930315232376, 23.352359999999997, 11.30163349, 7, 14,7352530, 7352531
7.864858529872549, 6.740137, 33.78611, 7, 23,6482407, 6482408
4.989816118092449, 3.74139, 0.100694, 8, 8,2146870, 2146871
4.018328257097778, 2.8999, 0.190582, 8, 9,8869126, 8869127
1.230054307672276, 0.19376, 0.310052, 8, 10,33500, 33501
183.965947101241, 2.445716, 0.502759, 8, 11,8725656, 8725656
1.256480658813075, 0.0306276, 45.5391812477, 8, 12,8860139, 8860140
7.81193868905666, 6.58357, 23.41643, 8, 17,4054260, 4054261
28.147754532668728, 26.88014, 1.60218, 8, 18,7491195, 7491196
3.582515625664996, 2.3811688, 22.008580000000002, 9, 1,9241657, 9241658
2.398816681383778, 1.20368, 0.0518335, 9, 2,9316573, 9316574
9.583522295813395, 8.41729, 0.0292294, 9, 5,7870686, 7870687
1.406158778399572, 0.256396, 0.649169, 9, 8,2720873, 2720874
2.453693794905007, 1.17781, 1.01571, 9, 12,2995931, 2995932
1.3444987829029742, 0.172164, 0.334512, 9, 12,5550115, 5550116
7.282586844104117, 0.00107348, 0.386369, 9, 17,3096933, 3096933
312.76948566158603, 33.42275, 0.374845, 9, 22,298719, 298718
120.34598063364092, 1.3194664, 3.7463812, 9, 23,2591516, 2591516
1.5855934797706368, 0.476658, 17.014908, 9, 23,7815854, 7815855
1.28764623424604, 0.0699639, 0.978925, 10, 1,8078574, 8078575
2.308179402175483, 1.18986, 2.99168, 10, 2,407374, 407375
1.4692778210242068, 0.245923, 0.492859, 10, 8,4366145, 4366146
1.3643022441495987, 0.173062, 0.673842, 10, 21,6629097, 6629098
1.5942354922625555, 0.394209, 23.270059999999997, 11, 3,7714101, 7714102
1.3324328171875095, 0.154993, 65.17877, 11, 7,8828126, 8828127
12.229514394893272, 10.99707, 0.465918, 11, 13,5262878, 5262879
1.5233019381827262, 0.294446, 0.242926, 11, 13,7727142, 7727143
5.4707105124217605, 4.2003029, 0.192146, 11, 15,6412345, 6412346
14.231091434997438, 13.1695, 14.34541, 11, 22,9925958, 9925959
5.898595433327955, 4.690002178099999, 5.56567052, 11, 23,8049839, 8049840
1.1658805502322593, 0.0653001, 0.49617, 12, 2,2299493, 2299494
2.5220629783788127, 1.29673, 2.63765, 12, 10,7104283, 7104284
23.834122582842156, 17.65676, 1.49731, 12, 10,9800338, 9800338
80.34759530393353, 0.0824842, 5.088986, 12, 13,3901334, 3901334
1.467803698435091, 0.352634, 5.7836006, 12, 14,3428033, 3428034
91.43336170765974, 3.2287649, 5.1793771, 12, 22,9764658, 9764658
1.9143498974823387, 0.617841, 43.74274, 13, 6,4332697, 4332698
194.90395841942154, 0.124825, 42.1421, 13, 6,4911334, 4911334
1.3632425081598285, 0.115022, 1.5507367, 13, 9,9342609, 9342610
9.57432667977821, 8.24222, 18.225148, 13, 10,1500425, 1500426
4.939695203565748, 3.8311745999999998, 8.197609, 13, 13,5520472, 5520473
1.710237862893564, 0.533524, 3.2436001599999997, 13, 14,1888650, 1888651
1.8359342510398164, 0.586435, 2.9285327796, 13, 21,2454364, 2454365
72.74804605066743, 0.00183108, 5.7836006, 14, 14,3428034, 3428034
1.3611645618398143, 0.337282, 0.0826236, 14, 14,7062635, 7062636
1.8734810972607647, 0.643261, 28.739786100000003, 14, 17,1234087, 1234088
1.5790781162913845, 0.343, 0.4820509129, 14, 17,7298383, 7298384
18.54879486596144, 17.23038, 0.606729, 14, 18,8812210, 8812211
1.8105456014681067, 0.549328, 1.03034, 14, 19,873819, 873820
45.479406403127086, 8.2769585, 11.2452602, 14, 20,2314164, 2314164
62.92899269385214, 5.2303691, 6.9932300000000005, 14, 22,5775462, 5775462
122.06341019260253, 8.6136861872, 0.0188363, 15, 1,7029464, 7029464
1.1517879815121432, 0.0689375, 5.63338, 15, 1,7909472, 7909473
1.3389783477974788, 0.286721, 0.540573, 15, 4,9289493, 9289494
217.6569116997066, 0.9309892, 2.46466, 15, 8,7168516, 7168516
11.255701560057105, 10.1055, 17.5341, 15, 10,7977177, 7977178
2.222232192409024, 0.971239, 14.683001972900001, 15, 11,1173634, 1173635
13.780044661655438, 12.562591999999999, 6.28345, 15, 11,1317968, 1317969
1.2784470130919772, 0.0887823, 1.16963, 15, 11,9781118, 9781119
1.572029768480661, 0.564862, 0.456705, 15, 12,6093275, 6093276
1.379378159115845, 0.159781, 0.0502834, 15, 17,170910, 170911
1.100638086231811, 0.0426367, 7.30171, 15, 19,4994306, 4994307
1.435516473672692, 0.266507, 1.19636, 16, 2,7398941, 7398942
29.829470383560647, 28.4043871605, 4.1728271999999995, 16, 8,6141374, 6141375
61.99209000922269, 0.3553395, 6.9000308, 16, 8,9919937, 9919937
14.97923028032335, 13.56356, 0.528868, 16, 10,1923531, 1923532
5.1016459053907965, 3.9251, 0.61374, 16, 11,5877891, 5877892
2.0907010093990266, 0.834898, 0.260819, 16, 14,2514083, 2514084
38.62767916745577, 36.525465, 1.5493716, 16, 21,4604789, 4604790
1.522893449314779, 0.307191, 0.395026, 16, 23,6355706, 6355707
10.341368013344322, 9.07389, 0.329982, 17, 3,6725339, 6725340
1.7496074917113447, 0.688867, 0.346171, 17, 7,1841710, 1841711
16.303813865918983, 15.12376, 7.111219999999999, 17, 7,4277754, 4277755
1.2825805072702678, 0.240824, 0.50548, 17, 9,3655774, 3655775
1.1560407026958046, 0.0182025, 0.212801, 17, 14,3922327, 3922328
8.857992149861275, 1.060781, 8.065120799999999, 17, 16,3397826, 5990923
12.948747189430264, 11.65422, 30.121879999999997, 18, 1,703395, 703396
1.3771791808767375, 0.209902, 47.3617, 18, 1,2836918, 2836919
15.96883411514466, 14.81908, 0.310473, 18, 2,9024754, 9024755
2.577495682870449, 1.41759, 5.8561461, 18, 5,293183, 293184
8.95923607170289, 7.81627, 7.7195800000000006, 18, 5,6167816, 6167817
95.88780113164967, 3.8501190000000003, 5.1260712, 18, 11,4401630, 4401630
1.4633942160591005, 0.247686, 13.8778571, 18, 13,5641018, 5641019
9.006067897391404, 7.81627, 6.80652, 18, 13,6167816, 6167817
19.469175967704473, 18.13518, 15.29649, 18, 23,6004358, 6004359
1.9076237069975832, 0.800433, 15.545303, 19, 9,297153, 297154
1.2499951127171016, 0.233983, 0.369574, 19, 21,2473556, 2473557
1.4982698378379382, 0.285699, 5.981541, 19, 22,9312589, 9312590
51.954585638851995, 0.32759910000000003, 8.0725814, 19, 24,2223946, 2223946
1.9495029045091314, 0.04707, 0.1930199, 19, 24,2429842, 2429842
156.2354576408461, 0.814491, 3.0644437, 20, 2,1346960, 1346960
5.708350105519003, 4.47128, 73.4046458, 20, 2,9965232, 9965233
17.438925590672397, 16.35127, 0.468332, 20, 9,4191959, 4191960
111.64485793608333, 0.245284, 4.404414600000001, 20, 11,8904891, 8904891
3.2884674696204, 2.0468549, 0.350024, 20, 13,845656, 845657
11.80865638692353, 10.6715, 0.0278229, 20, 17,4528589, 4528590
1.745197575189195, 0.699909, 0.302886, 20, 20,2729253, 2729254
1.7295772707255992, 0.654132, 0.0239939, 20, 21,9870574, 9870575
17.673253649733738, 16.1407, 2.7288300000000003, 20, 24,4277209, 4277210
2.2628876356808405, 1.10994, 2.99168, 21, 2,407374, 407375
1.8386736174159068, 0.600032, 33.07877, 21, 6,2594341, 2594342
66.19805916073437, 0.00285329, 0.210012, 21, 10,3745003, 3745003
19.433836128473217, 18.27403, 0.347974, 21, 10,8677805, 8677806
8.926081800839142, 0.0132821, 6.97295, 21, 15,7681935, 7681935
1.1453761022438584, 0.00728772, 0.375306, 21, 19,8432505, 8432506
1.0892806019179488, 0.0850745, 0.778061, 21, 23,4074655, 4074656
1.58822276184992, 0.221894, 2.7288300000000003, 21, 24,4277209, 4277210
1.201126175792865, 0.0492841, 0.182472, 22, 15,2341376, 2341377
5.590743260555655, 4.25946, 17.285617232299998, 22, 17,3125530, 3125531
2.361675532839854, 1.09068, 38.497862, 22, 18,2060521, 2060522
1.455215846048759, 0.230491, 35.326350000000005, 22, 19,7157120, 7157121
1.6302022911777385, 0.577147, 0.0029272, 22, 21,9785168, 9785169
23.45196799530379, 22.15867, 5.0669552132, 23, 3,787840, 787841
88.1276120143059, 3.7481993, 5.6318864, 23, 11,2417195, 2417195
13.45788932341111, 12.192287327699999, 0.0113322, 23, 17,5439829, 5439830
2.85715215206676, 1.64006, 0.221159, 23, 18,2423188, 2423189
2.1435576144567676, 1.07072, 2.92978, 24, 1,5746010, 5746011
1.49758446002852, 0.385389, 0.702496, 24, 2,8738514, 8738515
141.00450683190252, 2.289812, 3.3300077, 24, 6,5982741, 5982741
5.586087284828068, 4.48992, 0.732361, 24, 7,3407542, 3407543
1.4714289438584274, 0.281154, 8.319253, 24, 9,500291, 500292
9.332484282153814, 7.98038, 0.154388, 24, 18,5544866, 5544867
12.664638298557406, 11.6564, 7.35767, 24, 24,3150507, 3150508
27.64524429383664, 25.425970000000003, 0.175423, 1, 6,8251290, 8251290
9.626328435668142, 8.47302, 8.39868346, 1, 12,1398697, 1398698
2.0469184606786257, 0.814374, 0.363905, 1, 18,6420060, 6420061
180.0138538182007, 0.688089, 2.0697569000000002, 1, 21,4742467, 4742467
1.2709868234402393, 0.141532, 7.80815, 2, 5,8748995, 8748996
1.1707308551076494, 0.0512418, 17.46897, 2, 6,7934898, 7934899
1.8797027302491642, 0.770556, 0.0201462, 2, 12,7358486, 7358487
215.84158122102235, 0.223939, 0.150546, 2, 22,8233952, 8233952
91.52291959377999, 0.0193484, 11.0714054, 3, 4,6636393, 6636393
194.25242539880605, 1.878437, 2.26944, 3, 10,2147323, 2147323
58.87742325873478, 57.444, 1.4351, 3, 14,4170712, 4170713
1.272832596709236, 0.26811, 11.3231, 3, 18,282650, 282651
5.968796695261062, 4.81776, 0.141618, 3, 18,887888, 887889
2.6307754084352837, 1.50027, 0.0167635, 4, 7,1107871, 1107872
27.642596695463112, 26.45731, 21.375271, 4, 10,4016336, 4016337
1.302777641339162, 0.169285, 2.03149, 4, 13,9853165, 9853166
13.184776423043331, 12.0526, 0.959002, 5, 11,1213247, 1213248
1.839776760610107, 0.799196, 27.88567, 5, 13,9897586, 9897587
1.305244643592573, 0.173806, 11.3337, 5, 20,3551293, 3551294
1.7403674823623305, 0.636048, 1.8758298063, 5, 23,9436332, 9436333
1.9456904183344932, 0.798203, 32.0087, 6, 1,526288, 526289
136.09545453043643, 0.00818662, 0.415731, 6, 1,4331596, 4331596
288.911168599936, 6.745906020000001, 0.166845, 6, 4,8709655, 8709655
1.5162100534565752, 0.325059, 0.503033, 6, 9,1504168, 1504169
2.5387251371615775, 1.30123, 1.56008, 6, 10,8044757, 8044758
35.0103737776102, 33.92822, 10.62424, 6, 13,7624859, 7624860
1.3928913367258247, 0.28263, 24.058210000000003, 7, 2,212446, 212447
1.3034065060944613, 0.254915, 0.0486884, 7, 8,1420944, 1420945
7.171788441997819, 6.05873040113, 0.0163363, 7, 8,2848571, 2848572
57.972591854674306, 0.138406, 0.0617522, 7, 14,3458015, 3458015
2.4314038968159366, 1.24761912, 44.7662964, 7, 18,393738, 393739
8.562487641897974, 7.263283, 15.94753, 7, 20,9443969, 9443970
22.96240548888136, 21.4028, 0.221105, 7, 22,8829239, 8829240
3.5904651746484433, 2.367732, 32.0087, 8, 1,526288, 526289
49.33621623257932, 34.39899, 14.0186, 8, 9,837211, 837211
174.38422765171276, 4.0946180000000005, 3.1008236, 8, 9,9491028, 9491028
1.422553661533243, 0.30521, 8.0002726708, 8, 10,8836882, 8836883
1.247973094583017, 0.242256, 0.536455, 9, 1,6079812, 6079813
10.257667994525605, 8.9947176708, 21.6743125, 9, 11,5207065, 5207066
71.44016989093086, 2.9444413000000003, 6.3160741, 9, 21,2687676, 2687676
2.3620217909115127, 1.3305690000000001, 10.242, 10, 7,6525799, 6525800
181.63725353271457, 0.9610989999999999, 0.4427139, 10, 15,7813060, 7813060
1.2464103881455912, 0.0326375, 0.264831, 10, 20,9394558, 9394559
1.9766573734839312, 0.85623, 3.4264200000000002, 11, 2,8964901, 8964902
1.9271317773043393, 0.699891, 0.105361, 11, 4,125274, 125275
1.3262161206856717, 0.19685, 0.139551, 11, 8,1034468, 1034469
3.245631258667686, 2.23255, 22.6988, 11, 11,8097944, 8097945
1.6407024755382054, 0.428177, 11.87905, 11, 13,8946717, 8946718
1.4387488839885236, 0.27663, 5.64408, 11, 19,5788588, 5788589
14.19207604757105, 1.44037, 11.4834, 11, 22,7220218, 7220218
1.0357264089748242, 0.0128621, 10.9505076708, 11, 22,9653623, 9653624
1.1338625262573032, 0.000856932, 21.37581, 12, 3,9202227, 9202228
122.47138491372402, 5.3510415, 3.7332131, 12, 8,3958762, 3958762
3.9980537035179395, 0.000678738, 1.04725, 12, 10,3606077, 3606077
104.69768160669832, 3.4054819, 4.693567, 12, 20,8358774, 8358774
1.1693998728194401, 0.0245315, 0.129829, 13, 7,1308619, 1308620
54.79992833085248, 0.0773424, 0.6379, 13, 17,3011410, 3011410
11.30429425766772, 9.83874, 10.9895844, 13, 19,2205380, 2205381
2.0928196667754264, 0.857769, 15.68643, 14, 4,7259622, 7259623
35.00896631532339, 33.82673, 0.104656, 14, 5,7041188, 7041189
28.21330067482984, 26.802889768000004, 6.8162865918, 14, 11,4921817, 4921818
80.00054245081651, 0.751901, 5.6029862, 14, 14,8318339, 8318339
25.767883064442685, 24.4911787, 10.3162181, 15, 2,9968425, 9968426
8.51141071673942, 7.45152, 10.962980000000002, 15, 6,4195525, 4195526
32.552377826748966, 31.24821, 0.0163363, 15, 8,2848571, 2848572
30.95869263570603, 29.5979969, 25.496508000000002, 15, 17,2808988, 2808989
38.60789500839314, 12.53283, 21.9604, 15, 17,3382672, 3382672
1.5666904427700956, 0.341495, 0.146626, 15, 18,2267741, 2267742
9.388705449713484, 0.00882521, 1.36021, 15, 23,8713045, 8713045
11.415490673937825, 2.50444, 7.40328913, 16, 5,1568955, 1568955
83.63091068912115, 4.74408, 5.6566268, 16, 7,5276279, 5276279
1.243056300878834, 0.175091, 0.543412, 16, 12,6996564, 6996565
29.33510680049187, 27.99284, 0.225366, 16, 13,480638, 480639
1.8861002201924748, 0.699067, 5.9365852708, 16, 17,5179745, 5179746
1.485814876508698, 0.265693, 1.3218558134, 16, 18,9116468, 9116469
5.590043950518975, 4.32593, 56.9621, 17, 1,8058302, 8058303
1.4694073048526661, 0.367819, 2.10456, 17, 2,9756011, 9756012
115.51755213974002, 1.5191451999999999, 4.0087021, 17, 5,8785143, 8785143
2.9076286806634926, 1.80645, 0.0834572, 17, 13,6094, 6095
42.90832807309346, 9.14021, 1.9108844, 17, 15,1386776, 1386776
241.83641233800563, 1.7797218, 2.8296989999999997, 17, 15,7680020, 7680020
1.15109285606934, 0.065803, 5.96459, 17, 16,8686539, 8686540
1.4259161283118829, 0.385496, 3.84612, 17, 18,2379196, 2379197
253.66076547836656, 0.652489, 2.3091509, 18, 4,2732519, 2732519
109.11718499968333, 0.5772843000000001, 2.8067353, 18, 4,7437035, 7437035
1.4356582198752221, 0.28197, 14.292402800000001, 18, 4,9316413, 9316414
10.395680838028966, 9.065130135, 39.84294, 18, 11,6276425, 6276426
4.438402775130726, 3.3782278512, 26.07045786, 18, 18,8319448, 8319449
1.5610781877948057, 0.338768, 0.338788, 18, 19,7670023, 7670024
7.947295035216939, 6.803726010000001, 0.0419664, 18, 21,4321326, 4321327
28.17094467753691, 13.5667, 13.308, 18, 24,4432066, 4432066
82.19449269899894, 0.0327572, 2.94681, 19, 3,7433641, 7433641
3.1890073903966822, 2.04319, 0.235833, 19, 7,9673693, 9673694
9.141525459517652, 7.997533300000001, 0.0663556, 20, 2,2693141, 2693142
23.897990819913844, 12.6482, 9.90585793, 20, 2,7097582, 7097582
1.503812756461457, 0.282199, 0.658289, 20, 5,159891, 159892
25.15064328266419, 12.2041176708, 11.8591, 20, 10,2446257, 2446257
14.992985989066142, 13.532, 10.8754, 20, 13,5538209, 5538210
171.8923177203294, 12.9696188, 2.4873623, 20, 13,9828378, 9828378
1.2711322497723359, 0.0450207, 0.341654, 20, 22,1923858, 1923859
1.3089823611610427, 0.238129, 11.706867286000001, 21, 1,4928148, 4928149
2.933747893627128, 1.61879, 0.227279, 21, 6,8042041, 8042042
21.36709562145495, 20.111425, 16.526991, 21, 9,1696251, 1696252
1.4496690990879415, 0.365277, 19.456024900000003, 21, 10,1721287, 1721288
25.635508359575397, 3.36351, 2.62502, 21, 12,6855810, 6855810
1.4697122490322272, 0.248033, 6.7958251, 21, 16,5425565, 5425566
4.850162836036247, 3.65955, 20.553374, 21, 21,58669, 58670
110.18842508178227, 0.6236608, 0.153443, 21, 21,8924972, 8924972
84.65116346602042, 6.1560852, 5.579820499999999, 21, 23,4625756, 4625756
3.4189452761406756, 2.29023, 1.6525227, 22, 2,3300128, 3300129
6.0800293579388835, 4.86327, 22.053705, 22, 5,16007, 16008
36.704226911068304, 25.103314, 10.0446, 22, 5,588283, 588283
146.41892201372752, 2.9202875, 3.975412, 22, 5,4498824, 4498824
1.3886127352132007, 0.137497, 30.693350000000002, 22, 15,9579508, 9579509
3.602262471716813, 2.356723, 0.269625, 22, 17,8987677, 8987678
193.26644789506668, 1.4461894999999998, 2.7086183999999998, 22, 24,9671759, 9671759
49.26725923222705, 3.6671896, 9.6246023, 23, 8,3345160, 3345160
7.916566239006443, 6.83844, 0.822569, 23, 11,9412368, 9412369
93.21030423829984, 14.040613, 5.792072, 23, 13,9268557, 9268557
1.2991574570904731, 0.131733, 0.248413, 23, 14,5784650, 5784651
44.640459837666185, 5.5203660999999995, 0.0044481, 23, 21,9080239, 9080239
13.861341726627984, 12.65889, 13.065070000000002, 24, 6,7639035, 7639036
92.82829986762476, 6.1837254, 5.291967, 24, 9,3698867, 3698867
1.162782665960549, 0.0822725, 0.0476655, 24, 14,3450178, 3450179
40.09421508770674, 38.47168, 0.0112448, 24, 16,9374107, 9374108
9.317724059427519, 8.098715, 0.341654, 24, 22,1923858, 1923859
1.3074913722504107, 0.093815, 0.157523, 24, 24,7800763, 7800764
21.731584398961218, 20.50135, 30.52847, 1, 2,6730631, 6730632
2.896181578335245, 1.6838503, 0.0255756, 1, 7,1853799, 1853800
21.790770097459813, 20.50135, 12.7698, 1, 8,6730631, 6730632
1.6882703713849878, 0.515302, 0.149187, 1, 8,9850872, 9850873
1.277938886556285, 0.190624, 3.7997706, 1, 14,6571781, 6571782
1.654060011131378, 0.51015, 51.64159, 1, 20,3831614, 3831615
1.6427973213801579, 0.569421, 0.389043, 2, 8,8771297, 8771298
126.7634074111304, 5.6534718, 4.0704692, 3, 1,2434101, 2434101
1.2306555817882554, 0.0119319, 0.0407954, 3, 13,2512667, 2512668
3.9000855197191413, 2.89598, 0.264384, 3, 18,2982869, 2982870
1.0886253125996745, 0.0449399, 15.93, 3, 24,8998309, 8998310
11.375717080179584, 10.167760000000001, 8.1436799808, 4, 12,3446741, 3446742
11.275805562064875, 10.11157, 13.395360000000002, 4, 12,5692376, 5692377
1.177353267192757, 0.0131549, 0.446523, 4, 13,3509961, 3509962
2.0281501824496218, 0.832438, 7.382286199999999, 4, 13,6881605, 6881606
1.0810152305200518, 0.069846, 13.9669, 4, 17,96963, 96964
1.300239734712818, 0.227668, 14.13532, 4, 18,9346172, 9346173
1.371242523225419, 0.201709, 24.87844, 4, 21,9906071, 9906072
229.24625339597446, 0.00919813, 0.0500463, 5, 13,4289000, 4289000
136.53249536216504, 2.3597979000000002, 3.5193564000000004, 5, 14,4401587, 4401587
1.7616988896951398, 0.643494, 10.9893, 5, 17,1344696, 1344697
217.5953499028392, 1.1230478, 2.777376, 5, 18,5979332, 5979332
5.759168282303904, 4.52839, 0.768827, 5, 18,7469027, 7469028
2.5110192297474896, 1.2491951, 12.61862, 5, 19,4110772, 4110773
223.59671777049334, 33.856016, 0.195844, 5, 20,2842584, 2842584
13.769060437447934, 12.64828, 20.00627, 5, 24,7685745, 7685746
2.6817472439119, 1.42293, 2.7666866999999997, 6, 10,6172064, 6172065
1.7213466891969347, 0.694704, 0.225118, 6, 10,6891782, 6891783
6.313244380531728, 5.06402, 1.80578, 6, 17,3393178, 3393179
5.069051548516086, 3.80148, 44.8792543, 6, 19,7648761, 7648762
1.7878180180085792, 0.546543, 7.759933, 6, 22,4686359, 4686360
44.394866173614446, 0.5756364, 9.0449337, 6, 24,7463740, 7463740
54.37953262121903, 53.20621, 34.15551, 7, 1,5766738, 5766739
1.2528937917303438, 0.206537, 10.43094, 7, 4,9211818, 9211819
99.56931227246514, 12.078911000000002, 4.806954, 7, 11,8432436, 8432436
3.3163349294821955, 2.296771, 0.270832, 7, 18,4641251, 4641252
13.419377641314554, 12.16786, 20.614099000000003, 7, 19,2952448, 2952449
13.988471373369975, 12.74171, 0.416337, 7, 20,8658416, 8658417
2.192155158896526, 0.903662, 29.329698999999998, 7, 22,8716428, 8716429
2.3822578849524234, 1.12866, 0.0976511, 7, 23,4505606, 4505607
30.678970758070818, 2.38674, 17.9936125, 7, 23,7917531, 7917531
2.588667846451017, 1.56739, 0.484627, 8, 3,5571154, 5571155
5.031235982977478, 3.876265, 0.0335878, 8, 3,9707686, 9707687
18.53616824028461, 17.416181009999995, 9.9359352139, 8, 4,2326371, 2326372
2.1288404847123275, 0.919034, 12.341570142, 8, 5,9182918, 9182919
2.6628498996165035, 1.5481, 25.99855, 8, 6,9729070, 9729071
13.929230415446, 12.894447660800001, 7.62034, 8, 8,5929882, 5929883
12.461099016149774, 11.296517, 11.980970000000001, 8, 8,9044777, 9044778
1.685002277003946, 0.47215, 5.91645, 8, 9,2902147, 2902148
1.1566629821911647, 0.000390003, 0.265505, 8, 16,7564250, 7564251
6.337779423241955, 5.12225, 1.13531, 8, 20,2121057, 2121058
16.340294057768347, 15.04251, 0.586631, 9, 1,513762, 513763
2.6219313435238973, 1.47986, 2.692774702, 9, 1,3363083, 3363084
1.2261985232961479, 0.00767608, 3.5776585535, 9, 1,5044540, 5044541
3.418416585172963, 2.3110737, 25.49983, 9, 2,5993843, 5993844
2.448470761635008, 1.2887849999999998, 0.499664, 9, 4,7642895, 7642896
1.2652917923312543, 0.0891542, 11.323623000000001, 9, 7,4337742, 4337743
1.7444070919295882, 0.622345, 0.537706, 9, 10,5575496, 5575497
23.665722911703824, 22.3173, 1.70858, 9, 16,789056, 789057
1.1968938371793456, 0.146689, 0.0205692, 9, 24,6095397, 6095398
1.2079480395824476, 0.0790768, 21.25432, 10, 4,4340900, 4340901
1.1609444634012789, 0.0427721, 0.799729, 10, 5,2510054, 2510055
1.461812542792586, 0.328725, 2.37457, 10, 6,9369187, 9369188
66.57190069777107, 2.3863532, 6.29890975, 10, 12,9402131, 9402131
22.911966115707628, 21.5614018, 7.092602, 10, 13,4437302, 4437303
1.4680833402467215, 0.40488, 13.5306655, 10, 13,7054249, 7054250
30.735770561274876, 29.39136, 0.46627, 10, 16,6072089, 6072090
12.863312941639606, 11.65069, 16.0384309, 10, 20,2547921, 2547922
6.1279109295560374, 4.95035, 11.521338, 10, 24,2397348, 2397349
56.5035695148714, 54.852940000000004, 0.770023, 10, 24,9037010, 9037011
1.2989073450913793, 0.0706298, 0.5243514, 11, 5,1927570, 1927571
1.2456407730409182, 0.000521679, 0.0255756, 11, 7,1853799, 1853800
1.4222507385017025, 0.310225, 1.31132, 11, 12,584352, 584353
3.6863755993537097, 2.56627, 0.162252, 11, 14,7728146, 7728147
2.6695851145786946, 1.4258, 1.0593, 11, 15,6056391, 6056392
1.3230379185629317, 0.245605, 15.1553516, 11, 16,1876072, 1876073
1.2956692905471527, 0.113206, 0.6328, 11, 18,4355397, 4355398
4.3210615076795875, 3.3197605791, 26.322899999999997, 11, 22,4947326, 4947327
8.323830683400956, 7.099897385599999, 13.9697725708, 12, 3,1412242, 1412243
1.2356292233379236, 0.0464078, 1.26315, 12, 3,7006678, 7006679
1.4083915899288968, 0.190033, 0.4427603458, 12, 5,6521775, 6521776
12.598454358564027, 11.3017, 7.5222549999999995, 12, 18,7223319, 7223320
13.656369245768587, 9.1226757, 6.59535, 12, 24,8489188, 8489188
2.034489228080247, 0.880826, 11.23836, 13, 2,1721497, 1721498
1.4385067207192606, 0.219193, 0.532848, 13, 5,8276878, 8276879
2.6192772497317947, 1.37963, 1.92472, 13, 11,3229780, 3229781
1.149674182157355, 0.0577892, 0.0663913, 13, 19,4016114, 4016115
1.676141996367278, 0.411892, 7.32221, 13, 20,5342344, 5342345
5.34981802131847, 4.23379, 0.105756, 13, 21,1036019, 1036020
1.7141884725336922, 0.623842, 0.332405, 14, 2,4824231, 4824232
18.969387976151552, 17.63449, 7.159302, 14, 3,1880816, 1880817
1.2443422986981432, 0.0895705, 12.89846108, 14, 5,7248821, 7248822
17.929691373389005, 16.63094, 19.580246, 14, 7,2978822, 2978823
35.74558524983718, 34.30048, 8.961278499999999, 14, 10,6132655, 6132656
2.3468510992859137, 1.31688, 0.429764, 14, 17,8698339, 8698340
1.3770083551094103, 0.210097, 21.56019, 14, 18,253056, 253057
1.8012455074382387, 0.569964, 0.0268489, 14, 21,5335982, 5335983
57.527523671978656, 55.66721, 6.739647499999999, 14, 21,8686652, 8686653
1.8065256788304396, 0.569964, 4.78171, 14, 22,5335982, 5335983
233.43813383894962, 0.0410908, 9.11779182, 14, 24,7468344, 7468344
31.343171428686333, 30.101, 0.0936726, 15, 2,9514287, 9514288
79.54989187281728, 19.4980503, 6.79351, 15, 11,8391910, 8391910
10.979830691143775, 9.80252, 0.162685, 15, 15,7633418, 7633419
1.4133460301160312, 0.21621, 17.7654, 15, 21,9330018, 9330019
1.3417139756215875, 0.146557, 2.9049, 16, 15,35769, 35770
6.386997074494957, 5.1665176708, 5.14598, 16, 17,237332, 237333
29.791312596837656, 0.160276, 0.0109189, 16, 24,6317449, 6317447
8.682300922370814, 7.4885932, 21.464731999999998, 17, 9,8859857, 8859858
25.87061211975424, 7.3921909999999995, 17.1732, 17, 12,6719380, 6719380
14.83113482751196, 13.599156, 28.481120000000004, 17, 15,6265751, 6265752
14.417753012897492, 12.9696, 0.044945, 17, 22,2355047, 2355048
118.40452887255333, 15.2917272059, 1.2058027, 17, 24,89728, 89728
9.617961669986585, 8.36525, 0.198948, 18, 10,7146759, 7146760
107.63231300044185, 46.030431899999996, 7.070051, 18, 18,6349040, 6349040
1.0995851215880066, 0.0568234, 0.0303877, 18, 20,6696292, 6696293
27.375250379404406, 25.80483, 0.044945, 18, 22,2355047, 2355048
140.23233860828373, 0.0384404, 3.7173485, 18, 22,9091865, 9091865
19.481214351187987, 11.4885376708, 0.231806, 19, 5,160479, 160479
13.245351487052972, 12.196575000000001, 0.367048, 19, 19,7727416, 7727417
1.5661099454204077, 0.368904, 0.877992, 19, 24,8929717, 8929718
1.6391088784471322, 0.460089, 6.38236, 20, 3,3842473, 3842474
11.666736363681025, 10.46933, 0.0584667, 20, 4,9917657, 9917658
1.1920131756462524, 0.107914, 4.21101, 20, 10,6357264, 6357265
2.105572368639514, 0.82821, 4.15575933894, 20, 13,7270006, 7270007
1.1586054697672807, 0.0979105, 0.0737853, 21, 4,1047421, 1047422
1.7361118686826558, 0.0175698, 0.106714, 21, 7,7319168, 7319168
1.325503715546347, 0.308461, 0.262619, 21, 11,7501475, 7501476
12.798107296596186, 11.543304, 4.582231407799999, 21, 16,5641277, 5641278
1.3567754075742187, 0.231202, 4.41786, 21, 18,273774, 273775
2.626240587251573, 1.42248, 0.390616, 22, 2,4331810, 4331811
1.674921708494253, 0.616159, 19.51922, 22, 7,9300242, 9300243
1.3848746961945153, 0.164062, 1.52616, 22, 11,3959571, 3959572
7.255001129937568, 5.9185402, 2.64858, 22, 15,6863245, 6863246
3.732312548243044, 2.42136, 11.5478506, 22, 16,577127, 577128
19.357189759775338, 17.940730000000002, 0.00692729, 22, 17,7495690, 7495691
9.141162762559475, 0.00143533, 0.708631, 23, 12,7952999, 7952999
1.155683220571973, 0.00354948, 6.97048, 23, 16,3028557, 3028558
172.5696552237123, 0.00785768, 3.1016879, 23, 20,1240446, 1240446
10.710615217026998, 0.0019275, 4.545, 23, 21,123301, 123301
7.126838197974166, 6.10856, 0.207897, 23, 22,6827553, 6827554
4.026456810361992, 2.88654, 19.67721, 23, 24,437591, 437592
1.2011717279772256, 0.00153362, 44.043929999999996, 24, 6,2581879, 2581880
1.1712616093705037, 0.00153362, 0.0503544, 24, 8,2581879, 2581880
1.3028035287366038, 0.063717, 0.676132, 24, 8,9980532, 9980533
1.392189870221273, 0.166797, 0.699957, 24, 22,2055337, 2055338
17.758689809460748, 16.6704, 0.0436761, 24, 23,1049045, 1049046
9.4700940466455, 8.28064, 15.453389999999999, 1, 2,6275681, 6275682
3.777245047936958, 2.6675693000000003, 4.8783542, 1, 8,7403918, 7403919
1.3522942679481957, 0.194041, 0.822758, 1, 10,9268790, 9268791
14.921103696057457, 13.786574, 0.282155, 1, 12,1388503, 1388504
3.1395164107428855, 1.91373291, 0.135191, 1, 14,8856670, 8856671
11.09515148996752, 9.93812, 0.331587, 1, 22,4855958, 4855959
1.8744622791554093, 0.730926, 0.137854, 1, 22,7462652, 7462653
9.26777989221489, 8.220048219, 0.0916326, 2, 3,5524594, 5524595
4.7237672413525615, 3.51111141, 7.2743579, 2, 7,9213412, 9213413
5.210253432845548, 4.16227, 0.270823, 2, 8,6513745, 6513746
1.3778189773689746, 0.252355, 4.18806, 2, 10,4863073, 4863074
2.9795245239546375, 1.92951, 0.427082, 2, 13,2010375, 2010376
1.0644647358685688, 0.039095, 0.524191, 2, 13,4778228, 4778229
6.4434205868500385, 5.19802, 0.410403, 3, 1,1601653, 1601654
16.256102788306066, 15.2304, 0.163185, 3, 2,7263308, 7263309
23.985377936375585, 22.92252256, 2.7132485, 3, 3,3435960, 3435961
16.428423005495347, 15.1837, 26.728835999999998, 3, 4,426391, 426392
32.47720537096734, 31.228759999999998, 0.244328, 3, 7,8885397, 8885398
1.486482400477712, 0.309466, 14.910087699999998, 3, 11,666244, 666245
1.1664859000389924, 0.011496, 0.239396, 3, 17,7600122, 7600123
2.282155932957039, 1.18652, 0.342216, 4, 3,4782548, 4782549
1.3019575584173708, 0.0788487, 6.658499, 4, 7,1159399, 1159400
14.434131604203344, 13.3776, 0.0851038, 4, 9,8362173, 8362174
1.58655526426503, 0.423147, 0.00285637, 4, 21,9047287, 9047288
237.96348438118366, 0.8357712, 0.301254, 4, 22,4953445, 4953445
4.8958156679368585, 3.84954, 0.530326, 5, 6,5347211, 5347212
2.3692365690593533, 1.1148938000000002, 2.1953094, 5, 15,2301118, 2301119
1.1993048113738496, 0.013755, 2.9604280399, 5, 18,540252, 540253
2.1038528643215386, 1.09763, 0.0441609, 5, 24,31691, 31692
2.671842890385051, 1.5392299999999999, 14.4185574421, 6, 2,7570336, 7570337
2.858412877994283, 1.64806, 32.497319999999995, 6, 8,8440737, 8440738
4.329005828493905, 3.1225233, 0.132757, 6, 12,3095463, 3095464
14.30296052060703, 1.98181, 11.059271021999999, 6, 12,8559738, 8559738
1.5769629921104524, 0.454121, 1.48211, 6, 13,8508443, 8508444
25.985589829347987, 24.74516, 0.333397, 6, 17,6619241, 6619242
4.006509113345032, 2.73627, 24.823884, 6, 19,6206221, 6206222
2.609845270937285, 1.48957, 2.92067, 6, 21,7407696, 7407697
3.285088664093223, 2.0631391, 9.183687670800001, 7, 4,9355107, 9355108
22.76433928413428, 21.60613, 0.489715, 7, 5,7793543, 7793544
1.8605655896086546, 0.636403, 3.0924991000000004, 7, 8,9824071, 9824072
1.193849949034984, 0.122411, 0.0216051, 7, 10,2126292, 2126293
1.2068676673437722, 0.0475899, 1.0233, 7, 15,1529548, 1529549
235.53443255875345, 0.9005502000000001, 2.1946, 7, 16,8390944, 8390944
1.4572707107919314, 0.430109, 0.365407, 7, 17,4178266, 4178267
1.9923767840527944, 0.8994449999999999, 13.769, 7, 20,5113843, 5113844
1.384723974626013, 0.201517, 14.188970000000001, 8, 1,2113727, 2113728
1.2537800039208378, 0.0510246, 33.3878909, 8, 3,5585253, 5585254
1.3154731003572806, 0.00646354, 0.162696, 8, 17,325481, 325482
113.62809353228977, 0.8090084, 2.95331, 8, 22,5414267, 5414267
14.418683689127988, 13.148166, 0.462325, 8, 23,5317688, 5317689
1.5579010864319116, 0.379193, 12.1743, 9, 3,6256979, 6256980
1.584512326584104, 0.379193, 12.99663, 9, 4,6256979, 6256980
53.760533397741256, 31.399527670799998, 21.7741, 9, 8,6750999, 6750999
4.718403089750495, 3.4710775, 9.4940708, 9, 12,3049334, 3049335
25.507401345824064, 24.04953, 30.852041497412998, 9, 22,9367478, 9367479
194.81345423073276, 1.30222, 3.4759550999999997, 10, 3,9514960, 9514960
4.2711135588320985, 3.01962, 18.6495406, 10, 6,9822471, 9822472
1.3805423999676805, 0.169229, 0.475067, 10, 14,1565786, 1565787
15.136763684349717, 13.792940000000002, 17.01645, 10, 15,9046302, 9046303
1.387384901712835, 0.20855, 6.6896857, 10, 16,3637052, 3637053
15.408640521715938, 14.3232, 0.073937, 10, 17,5897266, 5897267
1.2149043861506925, 0.131278, 3.83897, 10, 19,2590811, 2590812
7.789852380136153, 6.5612, 0.473793, 10, 22,8801777, 8801778
1.5893627732508548, 0.351375, 0.916812, 10, 23,783297, 783298
31.32135554895831, 30.07255, 25.10213, 11, 4,5604534, 5604535
4.297921512847324, 3.2277218056, 1.78408, 11, 7,5674265, 5674266
1.1020160143879139, 0.0581722, 0.198905, 11, 13,1657806, 1657807
10.136494927700255, 8.8713587, 14.30498, 11, 16,330399, 330400
2.462910617235366, 1.3044495999999999, 11.70091, 11, 20,125819, 125820
16.8349026784648, 15.6981676708, 0.42993, 12, 12,2195421, 2195422
24.90687558443915, 0.0247176, 4.95443, 12, 15,9803412, 9803412
1.1878446284997608, 0.15048, 0.203274, 12, 16,1225028, 1225029
1.189802894277591, 0.100793, 25.877, 13, 1,687741, 687742
97.15148963285424, 4.1561897, 5.344060600000001, 13, 1,926892, 926892
131.42698827037339, 0.0651909, 28.805509999999998, 13, 4,945917, 945917
1.451003620067354, 0.2408, 0.448618, 13, 9,2903391, 2903392
1.2238437519811214, 0.0158239, 0.0943235, 13, 10,5596532, 5596533
1.1817224394811774, 0.184185, 0.403008, 13, 13,2714081, 2714082
1.2971765233322685, 0.0770941, 7.4957515, 13, 16,2144486, 2144487
11.401395511266173, 10.1228, 0.022828, 13, 20,6644308, 6644309
26.457655829766736, 24.998320000000003, 3.51973, 13, 21,4523389, 4523390
38.93879488902451, 6.5972251, 14.475902999999999, 14, 19,9920529, 9920529
1.3702468042831697, 0.256876, 0.317802, 14, 20,2276533, 2276534
1.5800160397326408, 0.367365, 12.0006276708, 15, 1,4029024, 4029025
2.8768183434598313, 1.66909, 7.6717053, 15, 6,7628579, 7628580
2.4475141413065558, 1.32292, 0.637687, 15, 8,8214957, 8214958
2.9831076419213787, 1.86421, 4.65907, 15, 13,2026350, 2026351
2.8579864438964933, 1.64715, 19.0625, 15, 14,1593305, 1593306
2.370736938418645, 1.10756, 6.611976823, 15, 19,5554181, 5554182
1.9678700101314917, 0.0385974, 30.852041497412998, 15, 22,9367478, 9367479
1.5646608435176859, 0.507651, 33.42848, 16, 2,1361942, 1361943
24.15483329774895, 22.84288, 9.958198, 16, 2,5655873, 5655874
10.461748396039866, 9.2369691, 0.644743, 16, 2,5857357, 5857358
24.28481141726536, 22.84288, 22.372294, 16, 3,5655873, 5655874
24.058227437174082, 22.84288, 2.04484, 16, 7,5655873, 5655874
3.8209551703978377, 2.63635, 0.0670237, 16, 8,7169993, 7169994
2.163637391539396, 0.997311, 0.172775, 16, 9,4089555, 4089556
1.3321852912000622, 0.0834701, 0.166355, 16, 10,9802364, 9802365
15.958288174897461, 14.835939999999999, 0.628906, 16, 17,2787998, 2787999
95.73675710882867, 1.21953, 4.9558664, 17, 2,6420388, 6420388
1.3830552506709637, 0.354618, 3.70832, 17, 11,5187808, 5187809
4.988114692439808, 3.81359, 40.870413, 17, 16,1796528, 1796529
33.27493974342781, 32.063185000000004, 0.162696, 17, 17,325481, 325482
2.8523368418208292, 1.68485, 4.6542183106, 17, 17,1497432, 1497433
1.3454914674297243, 0.0843448, 30.677552500000004, 17, 23,6711105, 6711106
1.4311792679500286, 0.276593, 0.361181, 18, 6,2745371, 2745372
2.1769217012297304, 0.955361, 27.934866, 18, 12,400120, 400121
1.581678990204523, 0.41353, 0.0308459, 18, 13,6816660, 6816661
123.7321386896565, 2.3073424, 3.8931810000000002, 18, 14,9462166, 9462166
2.801032942898132, 1.7520415999999999, 0.0765516, 18, 16,3615089, 3615090
1.9125798720632474, 0.762892, 14.298270000000002, 18, 21,4241305, 4241306
33.29822490549418, 31.62149, 26.94381, 18, 22,7326148, 7326149
1.2360687010883566, 0.121237, 0.267444, 19, 10,5802905, 5802906
13.772678271783548, 12.540625, 1.77615, 19, 12,6032760, 6032761
2.0902939759295123, 1.00181, 20.46647, 19, 21,1536362, 1536363
1.4985397507368816, 0.266076, 25.73849, 20, 5,4340185, 4340186
4.215128588260313, 2.96249, 34.39692, 20, 7,6162499, 6162500
1.24038880118394, 0.0358232, 9.89594, 20, 8,3325783, 3325784
1.5697258264129914, 0.363819, 6.42454, 20, 8,6532307, 6532308
11.730489742180339, 10.60014, 14.90653, 20, 22,8701184, 8701185
13.82023218547431, 12.596271999999999, 23.625790000000002, 20, 23,3259121, 3259122
47.327497216395955, 1.8209927, 6.8236709, 21, 1,3145972, 3145972
25.914018361838657, 24.44388, 2.8182679999999998, 21, 5,3853592, 3853593
23.173598719989627, 6.89749, 6.32237031, 21, 7,6933654, 6933654
1.1238423338066923, 0.120108, 12.062570000000001, 21, 12,4528548, 4528549
1.5888087974792597, 0.378616, 0.0821153, 21, 12,6158621, 6158622
51.73358068091966, 0.0284385, 19.507649999999998, 21, 12,6301316, 6301316
1.300805359073479, 0.0896876, 0.127936, 21, 13,2925725, 2925726
27.93058429877624, 26.72674, 31.782092000000002, 21, 20,6051792, 6051793
27.908574234368302, 26.72674, 12.8128, 21, 21,6051792, 6051793
21.308985670521565, 19.8081, 0.0406031, 22, 18,9098644, 9098645
2.242565869686473, 1.13252, 0.63715, 22, 19,5221981, 5221982
9.23663261641559, 8.1864872308, 3.1387, 22, 22,2988628, 2988629
19.713363251787655, 18.40465, 18.542333, 23, 1,5342886, 5342887
1.638241911331761, 0.521842, 0.447111, 23, 3,6762040, 6762041
1.4420657748554504, 0.171961, 45.972829999999995, 23, 5,1289223, 1289224
110.61140682027394, 50.0575738, 3.6556183, 23, 8,2791810, 2791810
54.967478078646764, 4.2816359, 8.230755799999999, 23, 13,6950159, 6950159
13.572722327955717, 12.376996, 0.0942662, 23, 18,7907128, 7907129
240.85994713128844, 1.0521303, 2.598596, 23, 22,3152780, 3152780
6.628103904748741, 5.36854, 7.5830908805, 24, 10,363574, 363575
4.853945143662827, 3.73145, 0.654954, 24, 12,1399450, 1399451
1.7677721373482882, 0.584998, 1.35091, 24, 12,1882897, 1882898
35.48077788491787, 18.74937, 15.4979, 24, 17,4802378, 4802378
115.02483223603372, 16.1439064, 4.4593587, 24, 19,8307161, 8307161
126.99736775810084, 0.0235299, 1.19511, 1, 6,3153301, 3153301
1.3375019443142264, 0.172379, 0.17415, 1, 14,6505612, 6505613
4.770031930781329, 3.61715, 2.584544, 1, 14,6717775, 6717776
148.61988376155523, 20.1701404, 3.9698200999999997, 1, 14,9372484, 9372484
11.075240243171379, 9.938836, 0.167126, 1, 19,9876171, 9876172
122.77381285254774, 6.134235, 3.329172, 1, 23,1312629, 1312629
1.6475179934617472, 0.6484, 0.876818, 1, 23,2071913, 2071914
235.1752671622453, 0.22137590000000001, 0.03053179, 2, 7,86465, 86465
1.6953369823932007, 0.547104, 1.0219, 2, 17,6457453, 6457454
1.4643138099421549, 0.420403, 0.137533, 2, 20,3698231, 3698232
1.258047270600514, 0.0574852, 0.238326, 2, 21,136145, 136146
176.13538044773873, 2.51351, 2.9669798, 2, 24,2159735, 2159735
1.9003590667871322, 0.733414, 13.8826, 3, 4,340265, 340266
1.3801202194823645, 0.312109, 0.156469, 3, 5,5554256, 5554257
1.2377819579029392, 0.18812, 0.299151, 3, 7,6498037, 6498038
1.110625392342513, 0.0901529, 17.661360000000002, 3, 10,3576695, 3576696
1.6423695248641934, 0.493372, 27.328429999999997, 3, 12,7042564, 7042565
1.3942216174683608, 0.343966, 0.392396, 3, 13,9790710, 9790711
4.492494223618223, 3.40885, 0.501337, 3, 23,3604136, 3604137
9.017017723215076, 7.80695, 9.3780803, 4, 4,7317145, 7317146
2.72975664599187, 1.5458231, 1.12567, 4, 12,6094439, 6094440
1.4385640758499676, 0.29696, 10.5835612, 4, 15,8506963, 8506964
16.4415779559082, 15.412289999999999, 1.13111, 4, 22,7508094, 7508095
1.4921442086856587, 0.261055, 0.237102, 4, 24,4209821, 4209822
1.2063118594699063, 0.191201, 0.640309, 5, 1,6683865, 6683866
15.567492594941655, 14.3525, 15.64058, 5, 4,3926936, 3926937
4.005989205609353, 2.94363, 6.841375, 5, 20,8466700, 8466701
1.2994391909907108, 0.164224, 0.233218, 5, 22,8831836, 8831837
8.699308110267452, 7.4956976708, 9.921555999999999, 6, 1,9009875, 9009876
1.3149967693342433, 0.100218, 14.1924772882, 6, 6,4986020, 4986021
1.1419900439318553, 0.107132, 0.103015, 6, 16,1674805, 1674806
1.446498647934618, 0.276608, 19.47325, 7, 1,2367634, 2367635
11.961500885047599, 10.6663260708, 6.3651144, 7, 9,8951606, 8951607
1.1735548522757426, 0.166584, 13.6936, 7, 15,8201200, 8201201
15.058027520404949, 13.866493, 5.95715, 7, 19,6029552, 6029553
3.18424465706687, 2.1180639, 0.518845, 8, 1,5166404, 5166405
14.078480063581537, 12.8459, 0.0443616, 8, 10,3400782, 3400783
1.2277934607838006, 0.128697, 8.210519999999999, 8, 12,1892284, 1892285
1.5188595613954021, 0.364522, 20.0261, 8, 18,9306032, 9306033
14.16663575675284, 12.8459, 11.08546405, 8, 21,3400782, 3400783
1.2199785038035316, 0.128697, 4.66799, 8, 24,1892284, 1892285
24.16532572909489, 22.735550000000003, 30.861902999999998, 8, 24,3523301, 3523302
13.700648283075452, 12.55009, 0.224523, 9, 1,8688428, 8688429
1.3099285802454688, 0.0863951, 0.176248, 9, 3,313358, 313359
1.271282157201881, 0.0733189, 0.530795, 9, 4,5843611, 5843612
18.465718034372344, 17.003, 0.125919, 9, 13,2692507, 2692508
231.26463824940402, 0.218658, 0.23187, 9, 14,4376897, 4376896
9.869665508915205, 8.61157, 1.4333186, 9, 16,7511178, 7511179
1.9636983401337602, 0.788821, 28.030480000000004, 9, 21,1326498, 1326499
10.102484159723645, 8.990169999999999, 15.49726, 9, 23,4832783, 4832784
1.9660705946395183, 0.770194, 1.340946, 10, 2,6590876, 6590877
1.1717531958165637, 0.104767, 1.944, 10, 20,6666956, 6666957
1.894210372693351, 0.83821, 15.0755, 10, 22,8829384, 8829385
1.1437262048800676, 0.0752826, 18.5514, 11, 5,6447966, 6447967
1.9249917212606533, 0.662805, 7.9400067000000005, 11, 6,4167322, 4167323
65.48763841748257, 16.064314, 8.5099116, 11, 16,580068, 580068
18.60717874785314, 17.511426999999998, 23.20231, 11, 23,9861926, 9861927
1.5138228601022092, 0.332571, 7.3162642, 12, 2,8705039, 8705040
21.772269677606687, 20.4678072112, 32.5193422704, 12, 6,9586635, 9586636
6.505886602504916, 5.3948786937, 0.361531, 12, 8,6926335, 6926336
46.57610679296306, 0.0173645, 0.208446, 12, 9,585873, 585873
1.5979905645140207, 0.490348, 0.148702, 12, 9,8135529, 8135530
4.6684062108142825, 3.5084179, 0.773355, 12, 10,16003, 16004
1.8249443814455617, 0.614465, 17.035729999999997, 12, 11,8834828, 8834829
11.219711511320384, 9.87408, 17.6041077, 12, 16,9550512, 9550513
4.972538587888039, 3.7496595, 43.7074594, 12, 18,6645510, 6645511
13.009015863992431, 11.670850000000002, 22.609804299999997, 13, 2,9198583, 9198584
2.0145256303435417, 0.833074, 1.5857782999999999, 13, 12,1922519, 1922520
9.483841747584734, 8.02965, 9.34721, 13, 19,7198999, 7199000
52.38558101339788, 1.20847, 8.5423875, 13, 19,7983776, 7983776
1.4085998030540168, 0.294305, 0.171833, 14, 13,1432490, 1432491
31.010471569905917, 29.593556999999997, 0.609823, 14, 17,3020403, 3020404
2.1286917445107747, 0.903473, 18.65404, 14, 21,8678153, 8678154
26.237096717162558, 24.8333657, 0.417944, 14, 22,6150164, 6150165
18.557968528156835, 17.33276, 2.04714, 15, 2,3400072, 3400073
128.34206566094758, 3.0919837999999995, 3.8233739, 15, 2,8220084, 8220084
11.440781963272457, 10.152579999999999, 25.925505899999997, 15, 3,2669616, 2669617
1.448712831282478, 0.221941, 4.09938, 15, 4,5312589, 5312590
42.893770231683334, 5.763395, 11.4917504, 15, 8,7111067, 7111067
38.56868172302825, 36.95953, 61.55191000000001, 15, 11,8152539, 8152540
17.2307813987984, 16.2265, 0.446582, 15, 15,7888273, 7888274
42.14653381622816, 1.5130792, 10.5873795, 15, 22,3424966, 3424966
1.6560998537975138, 0.41497, 8.758099999999999, 15, 23,8939030, 8939031
7.069590418820326, 5.76231, 22.4656576708, 16, 4,797365, 797366
70.7705752212496, 13.174880100000001, 7.5815382, 16, 9,3479840, 3479840
2.1365969198728862, 0.867023, 0.192555, 16, 11,6545986, 6545987
1.323245741428991, 0.0985086, 14.7807, 16, 11,8144403, 8144404
1.99075816794209, 0.821012, 0.0492793, 16, 13,5561182, 5561183
7.9411509988975695, 6.71506, 3.56593, 16, 14,4169831, 4169832
85.26489152652232, 0.0737972, 2.53761, 16, 18,1483149, 1483149
234.84593104814985, 2.7074814, 2.528491, 16, 18,3791498, 3791498
4.07874244551283, 2.9664353857, 17.880962261999997, 17, 2,6061994, 6061995
1.5302778025745738, 0.343615, 25.7090081, 17, 6,4689902, 4689903
2.637247899139311, 1.47544, 0.195019, 17, 22,5127129, 5127130
122.40088994854295, 1.115002, 4.2302894, 17, 24,131589, 131589
30.18912550274581, 28.868299999999998, 0.0256773, 18, 5,6883665, 6883666
115.56706104128898, 2.7767851, 0.010377339999999999, 18, 6,51074, 51074
81.18232142664749, 73.0357625, 6.13767, 18, 6,1082265, 1082265
1.2231846531434485, 0.00500996, 0.03053179, 18, 7,86464, 86465
2.74234832430966, 1.6246211000000002, 1.7204492, 18, 9,3843907, 3843908
1.527033439399247, 0.344979, 0.0508266, 18, 24,629942, 629943
56.11032368061967, 54.50797, 0.0316443, 19, 7,4740944, 4740945
14.278631711020239, 12.7092, 27.742536677300002, 19, 13,5486771, 5486772
1.9737403423055184, 0.776056, 12.3686545429, 19, 18,8644265, 8644266
73.12248544117813, 0.00161876, 0.275558, 19, 19,5981070, 5981070
20.58883214121579, 19.5650521, 0.0971674, 19, 19,8970616, 8970617
178.5372123945317, 0.077273, 0.00614734, 19, 20,8144586, 8144586
1.1174229063007033, 0.00379913, 3.9814, 19, 22,5921561, 5921562
1.860577244438673, 0.783557, 0.08494298, 19, 24,3631320, 3631321
113.6743617618938, 1.5317903, 4.2426556, 20, 6,3840852, 3840852
21.911892829189014, 20.772199999999998, 0.183927, 20, 9,989031, 989032
19.070430773396765, 17.8597, 2.238969, 20, 18,6310653, 6310654
11.222373384912203, 10.16621, 25.54573, 21, 2,1520251, 1520252
216.32699530196464, 1.8494492, 2.4731549999999998, 21, 2,5628913, 5628913
24.263290811399656, 23.191339999999997, 0.516527, 21, 10,9858997, 9858998
19.453356019995454, 18.09997518, 0.0489857, 21, 13,9923460, 9923461
1.2600474026356778, 0.208563, 0.0233652, 21, 17,9990995, 9990996
1.2767661280500988, 0.141008, 0.323022, 21, 23,303213, 303214
63.45927506330702, 2.40761, 0.102717, 22, 10,4265314, 4265314
1.3118855541785024, 0.257029, 22.791890000000002, 22, 17,2444020, 2444021
1.2285614089785213, 0.0400575, 11.2302972629, 22, 17,8535545, 8535546
1.295043504824548, 0.19048, 0.0769617, 23, 6,1283425, 1283426
1.7434040095373575, 0.414757, 11.971910000000001, 23, 16,8343216, 8343217
14.604978663827069, 13.2976, 0.331006, 23, 16,8550596, 8550597
1.755183088726767, 0.534042, 2.7166645, 23, 20,3971155, 3971156
34.13479771495247, 0.173786, 12.8796021, 23, 20,6159913, 6159913
1.8916491328143366, 0.675003, 3.8752809, 23, 20,7674972, 7674973
1.6600699295007644, 0.483368, 36.6375891, 23, 22,918322, 918323
41.29132372894287, 8.6823444, 13.5398444, 24, 1,7492217, 7492217
29.831052217779984, 28.544100300000004, 10.4379, 24, 3,6428580, 6428581
35.03025904579761, 33.761880000000005, 0.759627, 24, 4,6656075, 6656076
7.341732324163331, 6.191597670799999, 1.59558, 24, 9,5943796, 5943797
1.7658539628947665, 0.678307, 1.43993, 24, 10,6099356, 6099357
30.404465465886688, 29.19480086, 18.38769, 24, 11,9519163, 9519164
138.70579449407, 1.01573, 3.7437669999999996, 24, 17,496949, 496949
29.999469676065587, 28.544100300000004, 11.962187, 24, 20,6428580, 6428581
27.875640167849497, 26.7538528, 1.9152, 24, 24,3739271, 3739272
3.080400384421864, 1.94169, 0.255154, 24, 24,9427437, 9427438
1.8361238170516572, 0.638021, 0.615179, 1, 15,298307, 298308
1.918046319410223, 0.731478, 12.891110000000001, 1, 15,1803235, 1803236
152.3808904476557, 2.1934616, 3.4118252, 1, 15,7189121, 7189121
9.551193846453316, 8.3187003, 0.010874, 1, 17,5684126, 5684127
5.089688942263933, 4.04612, 0.513701, 2, 20,9722175, 9722176
3.504127625988872, 2.31074, 11.09518, 2, 21,430554, 430555
1.9076790890939037, 0.716595, 15.93669, 2, 23,767125, 767126
8.69444491924844, 7.4656661, 2.3872872000000003, 3, 1,8241, 8242
133.05984081706788, 0.277522, 3.7228609, 3, 5,3820476, 3820476
65.14642420277448, 1.5127056799999998, 0.365656, 3, 13,1078473, 1078472
58.35062947698202, 0.0331298, 0.385427, 3, 14,5349310, 5349310
22.505352535911584, 21.389960000000002, 0.0217199, 3, 20,5423000, 5423001
1.260506615201166, 0.00388024, 6.63335, 3, 24,1708667, 1708668
20.2493589740767, 18.927310000000002, 0.310663, 4, 6,9923720, 9923721
15.887134228767536, 14.7756576708, 0.8516922, 4, 10,1629240, 1629241
38.03857750142777, 36.919221, 7.52451, 4, 10,8574480, 8574481
9.129291072406204, 7.89651, 27.584870000000002, 4, 12,5348006, 5348007
49.38443478344368, 0.044962, 32.85572, 4, 15,4670282, 4670282
1.4116196833325603, 0.247553, 0.143591, 4, 16,3420052, 3420053
2.2384555816254306, 1.11097, 19.006, 4, 22,6436552, 6436553
12.47312966206755, 11.18399, 18.0031679, 4, 24,6851043, 6851044
3.858990462790871, 0.0295572, 0.14669, 5, 7,7055563, 7055563
12.885311709025814, 11.615368, 41.236990000000006, 5, 7,9646204, 9646205
1.1689695094813715, 0.0444094, 0.174389, 5, 11,8186153, 8186154
1.5031650430294121, 0.316389, 0.3451, 5, 21,5167492, 5167493
2.588362950999567, 1.35741, 19.330849999999998, 5, 23,1551014, 1551015
1.8116577466532817, 0.677737, 0.135563, 6, 15,378522, 378523
1.3766398791516394, 0.229994, 20.853034906, 6, 15,5472867, 5472868
1.7617508251279332, 0.621912, 7.72056, 6, 16,7990280, 7990281
2.967272675289337, 1.7898729933000002, 0.111094, 6, 23,1410074, 1410075
2.5147311076644883, 1.28424, 1.23797, 7, 3,4234340, 4234341
47.68658372692141, 39.79276, 6.046377189999999, 7, 13,3647354, 3647354
1.4793047894972915, 0.276482, 0.2837949, 7, 15,7239765, 7239766
16.85017180774537, 15.483839999999999, 0.0120576, 7, 20,9041471, 9041472
1.5518970178276277, 0.371576, 8.2978276, 8, 5,2175751, 2175752
31.962079705483347, 30.796020000000002, 0.0484818, 8, 9,1888871, 1888872
1.5447201724470006, 0.346337, 0.571094, 8, 12,5698371, 5698372
156.0930006113797, 2.52014, 3.213603, 8, 12,9991164, 9991164
11.829535874757312, 10.6413, 0.598799, 8, 19,4281433, 4281434
1.9565847895246407, 0.734794, 0.210548, 8, 23,7734821, 7734822
2.4211669731014354, 1.38471, 6.63335, 8, 24,1708667, 1708668
35.02608383062636, 33.38846, 1.54895302, 8, 24,6526625, 6526626
1.7131607317054431, 0.535108, 12.0525, 9, 5,8130096, 8130097
1.3007230930693368, 0.2308, 0.353273, 9, 13,3832981, 3832982
1.1872634487976939, 0.027003, 45.96067959445, 9, 19,8373393, 8373394
4.07288102104701, 2.8789360000000004, 27.754148221, 9, 21,6074310, 6074311
1.3162770344898718, 0.099229, 0.918266, 10, 9,4360325, 4360326
1.3977322055571904, 0.283147, 12.43449, 10, 10,4907612, 4907613
1.4828189742725044, 0.234446, 11.401595, 10, 16,5657592, 5657593
6.508743303631945, 5.3469676999999995, 28.589429999999997, 10, 18,3890244, 3890245
1.2741419362951092, 0.261676, 0.312335, 10, 18,8769287, 8769288
4.549002331983502, 3.3930823754999997, 27.393862, 10, 20,5034632, 5034633
64.81568040578361, 14.751102000000001, 0.0466303, 10, 21,510030, 510030
153.72471446487884, 1.68181, 2.7888040999999997, 11, 4,2324002, 2324002
2.67020181394912, 1.6321, 1.39692, 11, 4,2914564, 2914565
1.7877251376679624, 0.760287, 0.0975048, 11, 17,4043797, 4043798
23.312320854817244, 21.83037, 52.0684909, 11, 17,4976802, 4976803
2.4825091835296007, 1.2529312, 0.118336, 11, 19,5752210, 5752211
1.6024901163898448, 0.470957, 0.49968, 11, 24,956981, 956982
7.985210050014302, 6.90753, 0.398776, 12, 2,5842328, 5842329
17.45083628470877, 16.323413, 24.75396, 12, 5,4207366, 4207367
20.897377264440138, 19.76158, 2.27047, 12, 5,6704810, 6704811
1.236933647132787, 0.190763, 0.270817, 12, 5,6890981, 6890982
3.7312653054376597, 2.55634, 20.898026, 12, 7,917667, 917668
2.048561876284566, 0.81541, 18.196089999999998, 12, 14,562018, 562019
114.41357414315212, 6.0213614, 4.7729005, 12, 14,6576612, 6576612
234.70012570363565, 2.4327696, 3.2321016, 12, 23,3880513, 3880513
1.8311200720447687, 0.600838, 8.0158564, 13, 2,5782011, 5782012
11.75712108200355, 10.42056, 37.644811000000004, 13, 3,1888855, 1888856
1.7026002458300127, 0.49016, 28.41733, 13, 9,8012153, 8012154
6.607096360767628, 5.517295590200001, 13.2142904, 13, 12,2194397, 2194398
1.2787079724308796, 0.200198, 1.9118092834999998, 13, 14,2782600, 2782601
1.4486219544780852, 0.195718, 16.00936, 13, 17,5313142, 5313143
1.6008998447900922, 0.496947, 7.1016276708, 13, 19,6210667, 6210668
233.87468401167735, 1.46475, 2.8941253, 14, 1,9951912, 9951912
2.797894391536147, 1.577749, 0.742973, 14, 4,5657925, 5657926
1.4668324001617066, 0.268724, 3.1676109618, 14, 6,1988602, 1988603
9.468600026910394, 8.328491, 3.31358, 14, 6,3897416, 3897417
88.25804287488927, 12.387173900000002, 0.0100371, 14, 10,5541943, 5541943
193.6999833909315, 8.401086, 2.976341, 14, 15,2473720, 2473720
10.901637185239565, 9.7827676708, 0.589824, 15, 14,5669188, 5669189
1.483772823478489, 0.246065, 0.429587, 15, 17,3023134, 3023135
3.946869961834068, 2.7840549, 26.77113, 16, 8,1615742, 1615743
25.933150929591875, 7.020349, 17.6765, 16, 9,7668575, 7668575
2.2713345276899872, 1.19054, 0.921499, 16, 15,7557775, 7557776
112.06688888759982, 1.86884, 4.3025275999999995, 16, 20,4392801, 4392801
27.730132609368297, 26.068350000000002, 0.101209, 16, 20,5415865, 5415866
17.68035980306047, 0.0353529, 0.243002, 16, 21,4856128, 4856128
67.69582130185483, 3.595304, 7.1696122, 17, 3,8567783, 8567783
2.779230502372684, 1.54708, 1.606602656, 17, 9,5079352, 5079353
1.464462059971538, 0.314194, 4.893154000000001, 17, 11,240307, 240308
127.01307566920059, 0.1089, 0.981484, 17, 11,9653560, 9653560
1.6077063327655878, 0.565986, 0.263838, 17, 12,9674648, 9674649
6.703046985933497, 5.634391, 16.52662993, 17, 17,9173030, 9173031
5.345557880798992, 4.13749, 0.556524, 17, 18,3248166, 3248167
1.3633867901739904, 0.203599, 0.808831, 17, 19,3206065, 3206066
21.1735172364032, 19.67747, 3.8195, 17, 22,755497, 755498
1.8459631965783956, 0.723419, 0.531173, 17, 23,5805557, 5805558
82.40126684141319, 32.7459477, 7.8004384, 17, 23,8584673, 8584673
2.836612869702549, 1.54707, 10.016465, 17, 24,9756683, 9756684
1.169790522404469, 0.0178987, 7.57022, 18, 8,1192048, 1192049
1.2493369924353601, 0.130702, 39.057010000000005, 18, 8,7821033, 7821034
1.7421831026215386, 0.593021, 15.87819, 18, 12,5617497, 5617498
175.38235689887392, 1.9139814, 3.7634786, 18, 14,8019691, 8019691
35.80629321469132, 34.391279999999995, 34.797871, 18, 15,4242785, 4242786
1.6223641497025483, 0.519774, 0.558413, 18, 21,6477050, 6477051
87.94202549833904, 9.684645, 2.8883167999999997, 18, 23,7147412, 7147412
15.066075136609243, 13.6879, 0.190927, 19, 6,3759263, 3759264
14.48799875264126, 13.2561, 2.7786090000000003, 19, 10,9717432, 9717433
2.663283760853801, 1.33643, 29.96233, 19, 13,7703684, 7703685
5.722772086826353, 4.56112, 13.204017, 20, 2,1278334, 1278335
2.294181277643588, 1.09184, 7.5195091000000005, 20, 2,2205096, 2205097
3.0764807938624017, 1.9414703, 2.66743, 20, 9,9591795, 9591796
10.468180533883015, 9.30778, 11.33945, 20, 14,3779210, 3779211
1.4193829903101687, 0.301894, 0.607621, 20, 18,2229677, 2229678
1.4104356999037009, 0.212305, 1.8517325, 20, 19,9311243, 9311244
1.9655486491164993, 0.804259, 15.4386616, 20, 21,7547076, 7547077
5.929175215623104, 4.630511, 0.288865, 20, 24,9518672, 9518673
1.6560088075594876, 0.445727, 14.4928328, 21, 8,2250924, 2250925
26.31534330600971, 25.057818599999997, 3.0338089999999998, 21, 9,5395269, 5395270
30.088354815483513, 0.0184233, 0.0404456, 21, 12,5719699, 5719699
1.9355888324998887, 0.78067, 0.177551, 21, 22,5213348, 5213349
1.7286527188502987, 0.710973, 0.00262119, 22, 1,6071028, 6071029
5.6191789106850365, 4.52841, 0.520052, 22, 4,5379358, 5379359
2.122713591144361, 1.00135, 19.96109, 22, 7,5670156, 5670157
11.496493904487807, 10.32001, 0.210641, 22, 12,4109075, 4109076
7.459479977712249, 6.18942, 17.2447199, 22, 12,5734192, 5734193
138.775093446759, 0.71226, 3.0235042, 22, 14,6115668, 6115668
1.4482958964210866, 0.244701, 0.443242, 22, 16,6707734, 6707735
1.201953326640023, 0.0535501, 40.12238000000001, 22, 17,2515544, 2515545
132.63087418425562, 2.2626358, 4.026099, 22, 17,4492412, 4492412
30.219922411992457, 5.4569476708, 16.2003, 22, 17,6713815, 6713815
6.746924589125001, 5.44799, 0.186067, 22, 18,9564803, 9564804
104.32707274612198, 0.105386, 6.90947, 23, 2,6470244, 6470244
74.3824401150672, 0.7446272, 0.0473626, 23, 4,7842600, 7842600
2.3609284633546395, 1.31948, 0.0655602, 23, 5,3408757, 3408758
1.8591925841633383, 0.607551, 9.9921756708, 23, 7,3674084, 3674085
115.94200499035423, 0.105386, 9.78486, 23, 7,6470244, 6470244
1.7843305149798425, 0.504243, 3.50755, 23, 14,2886250, 2886251
145.92982723862497, 1.464739, 3.7619773000000003, 23, 14,5822102, 5822102
4.960467854461513, 3.7477566433000002, 14.939569900000002, 23, 14,7573092, 7573093
17.53262904796543, 16.274240400000004, 1.72002, 23, 17,5015314, 5015315
22.75606225601757, 21.294169999999998, 3.428241, 23, 18,1316907, 1316908
1.7108775010104864, 0.52666, 0.264862, 23, 18,2942214, 2942215
1.5255730094344244, 0.525987, 0.853312, 23, 23,6475382, 6475383
3.424262824026755, 2.26304, 0.843206, 24, 11,967944, 967945
3.1666921413021782, 2.00736, 10.145254, 1, 4,4011984, 4011985
9.685374983697898, 8.58789, 0.853473, 1, 5,2807289, 2807290
26.657762913801776, 25.4352162251, 0.480121, 1, 8,1154423, 1154424
3.154171319119314, 2.00736, 3.38279, 1, 12,4011984, 4011985
1.577470135327303, 0.546346, 0.382999, 1, 16,3320521, 3320522
1.2782140035435532, 0.226885, 0.61551, 1, 24,214491, 214492
21.588250006277804, 20.51105, 1.45342, 2, 8,8346814, 8346815
6.376407697411878, 5.1024272999999996, 1.3304811, 2, 21,7320818, 7320819
32.936505921162734, 5.477230199999999, 4.96168, 2, 22,2414712, 2414712
1.1910826951564104, 0.00589096, 8.65235, 2, 23,8976102, 8976103
1.099563016743332, 0.0307583, 8.02443, 3, 3,6442309, 6442310
2.9602745000388495, 1.77178, 39.854420000000005, 3, 8,6838830, 6838831
92.12581964875358, 2.9107434500000005, 4.7950146, 3, 9,5865137, 5865137
42.688817887904975, 28.788193999999997, 12.3718, 4, 13,3775351, 3775351
2.961388963758054, 1.7802623, 8.2058215545, 4, 19,3325236, 3325237
1.071420930797899, 0.0446504, 0.159894, 5, 1,1990545, 1990546
9.677842489704403, 8.41729, 16.7195164, 5, 3,969879, 969880
1.4797657597284797, 0.262847, 1.04021, 5, 11,1822036, 1822037
33.923435486319136, 5.9903056, 17.2252, 5, 11,7949049, 7949049
1.3581264961911756, 0.174451, 9.2761594, 5, 14,1361660, 1361661
2.2045746831267934, 0.990276, 19.802898, 5, 15,3412348, 3412349
19.6754352171032, 0.0177503, 4.71533, 5, 16,4089299, 4089299
1.1814363436939175, 0.0775995, 16.78534, 5, 17,7768049, 7768050
10.148250768594835, 8.909403300000001, 4.4536006337, 6, 3,8421410, 8421411
6.421538055831661, 5.29252, 0.822252, 6, 14,1534810, 1534811
14.496193742242554, 13.36942, 1.70213, 6, 14,9097491, 9097492
22.79469251484818, 21.496724, 43.50592999999999, 6, 16,9001394, 9001395
16.830950101136523, 15.589770000000001, 0.69316, 7, 3,9821623, 9821624
4.915804203009543, 3.75135, 0.570782, 7, 5,2244184, 2244185
19.416092037919498, 0.674415, 17.5616, 7, 10,1788938, 1788938
16.53920155181447, 15.21836, 18.681820000000002, 7, 10,2563320, 2563321
14.636265386455875, 13.365887, 30.4621, 7, 12,3539176, 3539177
13.94560100400281, 12.8043, 14.6052, 7, 18,3800377, 3800378
13.140193967998016, 11.8491, 1.7025329999999999, 7, 19,98226, 98227
1.2926188529629599, 0.199764, 0.282594, 7, 20,8149886, 8149887
2.565770749056128, 1.44223, 0.149019, 7, 24,4892702, 4892703
24.06804740989992, 22.97788, 0.0851538, 8, 1,655085, 655086
104.29668923072836, 0.27101891, 4.5974051, 8, 1,1280663, 1280663
27.02295356694333, 25.8531729, 1.34842, 8, 1,5888601, 5888602
1.6623681134890376, 0.603776, 0.0332634, 8, 11,7874522, 7874523
1.5808870680381233, 0.453056, 4.4468109, 8, 12,5400351, 5400352
1.9158710119082798, 0.839058, 0.0366974, 8, 17,1790599, 1790600
54.42791230049954, 0.553033, 0.0103211, 9, 1,6465271, 6465271
1.1922316357768068, 0.149151, 11.4704, 9, 2,8844111, 8844112
98.20403982523021, 2.589838, 4.7604964999999995, 9, 9,3808407, 3808407
185.73984728376286, 2.9255560000000003, 0.00514321, 9, 12,7299287, 7299287
50.88425403829217, 49.068810000000006, 0.688776, 9, 14,9777124, 9777125
1.2604755925210611, 0.171976, 0.382522, 9, 15,3327865, 3327866
1.3978349272480273, 0.282742, 0.262432, 9, 15,8722151, 8722152
31.33444194559104, 30.1555394, 0.608362, 9, 17,2312988, 2312989
42.5811581593905, 40.873802100000006, 19.91978, 9, 24,540347, 540348
1.7194738995702892, 0.571789, 26.742150000000002, 10, 2,6145753, 6145754
13.646311853477528, 12.47181, 7.23114, 10, 4,9771773, 9771774
79.6315174939341, 2.9762504, 5.5790878, 10, 9,6915840, 6915840
54.54903378012614, 0.265142, 0.400834, 10, 17,9046717, 9046717
18.968023339151728, 17.89642, 0.635603, 10, 22,5316054, 5316055
1.2770835181310076, 0.209704, 1.36231, 11, 3,2552069, 2552070
26.758792323937996, 25.68038, 14.544713999999999, 11, 3,4881166, 4881167
9.570864402379584, 8.327860000000001, 0.0652051, 11, 5,702784, 702785
25.510986798495082, 23.1888776, 1.99458, 11, 5,723234, 723234
4.00656095790589, 2.824526, 0.569335, 11, 6,5346204, 5346205
1.4425641688593487, 0.3797306, 19.881611999999997, 11, 15,3824481, 3824482
4.021594529715344, 2.86334, 20.847080000000002, 11, 20,183499, 183500
2.6121293689604954, 1.51288, 17.09403, 11, 20,238996, 238997
35.34546557295528, 34.00749999999999, 30.29526, 12, 2,2761808, 2761809
2.14284027833412, 0.922488, 1.88239, 12, 3,2461016, 2461017
78.48377598156446, 5.46375851, 5.7623964, 12, 21,4063348, 4063348
5.959534981285515, 4.8120861316, 0.770328, 12, 22,1510274, 1510275
1.3443670458173074, 0.179495, 0.325799, 12, 22,7236486, 7236487
7.347905692897484, 6.17704, 37.80118, 12, 23,4281583, 4281584
20.96364619070073, 12.18033, 7.13548, 13, 2,1590453, 1590453
4.132514323661098, 2.83815, 2.450665, 13, 3,1981539, 1981540
199.19891793611714, 0.32785, 3.290094, 13, 11,4339965, 4339965
113.2166215899208, 0.803472, 4.0762013, 13, 16,895176, 895176
51.9975680128631, 12.6939798, 11.2464975, 13, 19,9825581, 9825581
1.0269141389989045, 0.0142925, 0.588278, 14, 1,8467228, 8467229
119.64577141531686, 2.1547942, 3.990461, 14, 2,8075577, 8075577
65.49739584558313, 0.0340322, 0.250394, 14, 3,239520, 239520
12.365607165112579, 11.1709959, 0.690434, 14, 3,3093162, 3093163
20.561128245761097, 3.94272, 15.5198, 14, 4,7021583, 7021583
67.5388148991907, 0.0351157, 17.2252, 14, 11,7949049, 7949049
95.49579802862036, 33.266926399999996, 6.7533788, 14, 13,1186588, 1186588
1.5521607455100366, 0.363787, 0.148385, 15, 10,6964799, 6964800
1.227030082488909, 0.150524, 2.28751, 15, 14,5283764, 5283765
95.19265592460442, 19.090522800000002, 2.820313, 15, 20,3558758, 3558758
1.458200709441826, 0.387842, 11.645317, 15, 21,6984809, 6984810
114.36140000321711, 0.5779056, 0.0146226, 16, 3,1692027, 1692027
1.5623479916449696, 0.3520176, 7.25516, 16, 6,5070439, 5070440
112.52614051912883, 0.5779056, 0.0411404, 16, 9,1692027, 1692027
6.629446689555152, 5.39118, 0.167185, 16, 23,1807248, 1807249
3.308985657777498, 2.27843, 4.82865, 17, 1,9846807, 9846808
1.617399354122199, 0.44659, 15.05365, 17, 2,1424448, 1424449
84.68834247570294, 4.690436699999999, 0.00354087, 17, 2,3302725, 3302725
2.764911053514652, 1.62288, 0.0460726, 17, 12,1272807, 1272808
14.582962870609208, 13.365450000000001, 33.165527, 17, 17,7088948, 7088949
18.45100126101704, 16.97675, 7.8049789, 17, 22,6783624, 6783625
1.1967592334096935, 0.120181, 3.98799, 17, 23,6158343, 6158344
27.928779848486556, 26.6584129394, 28.82039, 18, 7,7418421, 7418422
14.263773189871927, 13.084675, 21.1887354308, 18, 9,6316749, 6316750
14.552187862236565, 13.4232, 0.608362, 18, 17,2312988, 2312989
1.6167935004868923, 0.507612, 1.47189, 18, 21,8862542, 8862543
1.5378736513329159, 0.49842, 0.832866, 18, 24,6152527, 6152528
5.468800965393257, 4.2526374513, 8.197124, 19, 7,2425890, 2425891
29.044205188962678, 12.2097, 15.8174, 19, 10,1632819, 1632819
32.03285301792778, 2.4135774, 0.0257714, 19, 12,3539845, 3539845
1.3376649715560234, 0.278797, 0.640603, 19, 18,7884091, 7884092
1.4181427342075494, 0.204968, 6.9842582393, 19, 20,5235795, 5235796
1.4950854887271134, 0.434484, 0.0425555, 20, 3,7049091, 7049092
66.50232336391741, 6.324497, 4.9067359999999995, 20, 4,5981781, 5981781
2.227120923468078, 0.98924, 25.09838, 20, 4,7324719, 7324720
1.491096989167204, 0.246403, 0.232362, 20, 6,5631844, 5631845
1.1174088385995447, 0.0183386, 1.16464, 21, 12,3708228, 3708229
2.2775821944412655, 1.04321, 0.265471, 21, 13,6377387, 6377388
2.520452907943536, 1.321202, 2.4143257, 21, 15,5655741, 5655742
1.3308149056348384, 0.123588, 23.09433, 21, 22,576101, 576102
1.174135879712594, 0.043901, 5.93775, 21, 22,3319151, 3319152
2.002978710981324, 0.802243, 4.007644, 22, 2,2450438, 2450439
7.253604110336141, 5.926227003999999, 9.65706, 22, 18,1555459, 1555460
15.60074634808359, 14.25535, 50.379459999999995, 22, 19,3744059, 3744060
15.92942276011263, 14.84953, 0.0841247, 22, 21,415926, 415927
4.124439649647229, 2.9672921999999997, 0.0947423, 23, 1,6709706, 6709707
6.4001980933837785, 5.38702, 6.1965699, 23, 22,3612979, 3612980
1.2977800484686668, 0.165687, 4.83628, 24, 3,1921955, 1921956
3.5490657234824994, 2.32113, 22.92016, 24, 10,8871671, 8871672
17.624223508389377, 1.44478, 12.3718, 24, 13,3775351, 3775351
1.9378839274195343, 0.699992, 8.63566, 24, 17,3804701, 3804702
14.113190618674821, 12.91146, 11.19069, 24, 20,1629662, 1629663
2.667439934964932, 1.607143, 0.356273, 1, 5,8341460, 8341461
3.7471458567628133, 2.5279952999999997, 0.125079, 1, 11,2241645, 2241646
1.9559785621999026, 0.7491, 0.0394423, 1, 11,6632872, 6632873
9.180237429062004, 8.1442976708, 1.28474, 1, 13,9996446, 9996447
12.970075458136535, 11.8021, 0.631133, 1, 14,439034, 439035
1.1868428310581294, 0.181792, 1.07526, 1, 17,5718940, 5718941
1.3007552558455018, 0.0506058, 47.452259999999995, 1, 18,6431442, 6431443
1.399044550962003, 0.196138, 1.84144, 2, 7,6134619, 6134620
1.6178213876726204, 0.392392, 45.46567950000001, 2, 11,9844707, 9844708
4.482311612224066, 3.45949, 28.88939, 2, 15,432765, 432766
1.2697699528540625, 0.174471, 0.0914379, 2, 15,7423075, 7423076
110.96831233828243, 5.5033476808, 4.550241, 2, 19,4179534, 4179534
1.573205314865504, 0.37329, 0.828516, 2, 20,186008, 186009
107.67960242704817, 6.348766, 3.9075152, 2, 22,7556827, 7556827
1.376041391920694, 0.253568, 0.0484171, 3, 8,6667021, 6667022
242.05407043307946, 2.148806, 2.526038, 3, 12,6056683, 6056683
117.56247214773089, 1.4157763, 0.690088, 3, 17,7881541, 7881541
18.895230807692883, 17.747221, 0.460977, 3, 23,2781614, 2781615
123.4091891613557, 0.57223, 3.7948464, 3, 23,6151398, 6151398
3.0235728644072424, 1.92224, 0.197007, 4, 1,1137476, 1137477
13.419428428878973, 12.400870000000001, 4.85235, 4, 3,2430636, 2430637
44.438874973302745, 43.046150000000004, 0.965808, 4, 6,3182504, 3182505
2.7306442923777468, 1.50703, 7.388501000000001, 4, 9,391494, 391495
5.868420389433709, 4.73134, 0.623508, 4, 10,2023359, 2023360
1.9182021241460916, 0.704545, 0.17849, 4, 12,6240745, 6240746
1.4791949670122904, 0.318976, 0.172098, 5, 5,9624482, 9624483
90.78361649810358, 2.2251243, 0.0250235, 5, 9,1370456, 1370456
4.210073201125624, 3.10325, 3.9378631, 5, 13,973785, 973786
98.03534707891367, 2.2251243, 4.8049567, 5, 19,1370456, 1370456
18.624041267237317, 17.13074, 0.13547, 5, 19,3831698, 3831699
1.2095770249025009, 0.00887789, 0.237993, 5, 20,933904, 933905
1.305939080948633, 0.271786, 0.136574, 5, 20,5814054, 5814055
4.269219008608275, 3.0654394, 3.0522905, 5, 21,4901222, 4901223
1.3067239885634763, 0.261006, 0.981068, 5, 22,7888794, 7888795
28.75717707393801, 27.577865000000003, 3.5295347707999998, 5, 24,2035168, 2035169
5.643598773309009, 4.556557, 13.955826987999998, 5, 24,7126577, 7126578
19.08519465918107, 17.879150000000003, 1.04052, 5, 24,8153726, 8153727
8.96339754210203, 7.86198, 5.947455000000001, 6, 5,8621849, 8621850
3.3168758697173644, 2.22522, 12.52867, 6, 7,2303611, 2303612
22.67829950486464, 21.4086, 15.6919992, 6, 10,8640451, 8640452
13.941997793051769, 12.70273, 0.158468, 6, 15,4436856, 4436857
1.1238997738229273, 0.0655386, 0.271348, 6, 16,1047346, 1047347
1.6104504609928654, 0.396591, 0.472689, 6, 17,8432788, 8432789
2.533607363833198, 1.40594, 0.612584, 6, 21,7547104, 7547105
2.868984609080826, 1.7584342999999998, 15.370449999999998, 6, 24,5886848, 5886849
1.941223085349975, 0.695679, 2.7166053000000003, 7, 4,6190670, 6190671
4.55003617341913, 3.38409, 5.1725718999999994, 7, 10,8639058, 8639059
4.444747345333553, 3.39723, 19.46834, 7, 14,5827764, 5827765
23.29496569243406, 22.27722, 0.105507, 7, 15,7786104, 7786105
101.7253560642664, 4.8018801, 4.829899299999999, 7, 18,9458151, 9458151
168.01530256642945, 4.585154483299999, 0.446781, 7, 19,3554493, 3554493
7.127619274378958, 5.79142, 7.070831399999999, 7, 21,9397532, 9397533
29.500787936521533, 12.909013, 15.5748, 8, 6,2679361, 2679361
1.189927831799423, 0.0296064, 0.00192377, 8, 12,5533264, 5533265
2.8836273068147875, 1.722065, 10.990654, 8, 13,2436614, 2436615
9.456594041925655, 8.21056, 0.792065, 8, 13,4365741, 4365742
3.015319423787446, 1.8574643, 6.2736088, 9, 11,516762, 516763
29.960072666212, 28.58333, 3.07702, 9, 11,1724874, 1724875
112.79426817839362, 1.832859, 4.0441183, 9, 12,2954831, 2954831
12.407259282456153, 11.183300000000001, 0.00192377, 9, 12,5533264, 5533265
106.53124140831574, 0.287388, 4.2341555, 9, 13,4640017, 4640017
42.05452253051976, 5.7040432999999995, 12.042175199999999, 9, 13,9567764, 9567764
15.382654268411102, 14.022475100000001, 41.185127, 9, 15,942352, 942353
30.073405270562603, 28.58333, 10.383236600000002, 9, 22,1724874, 1724875
171.9192506669799, 5.095595599999999, 2.998072, 9, 24,8104484, 8104484
11.178704864128235, 9.951602999999999, 16.68573, 10, 4,2295882, 2295883
5.032864507629142, 3.86496, 61.80152, 10, 6,9653347, 9653348
6.261491347008359, 5.14307, 0.152718, 10, 18,1710804, 1710805
12.191215542598002, 11.035539, 0.252612, 10, 22,3272941, 3272942
1.9958672250912741, 0.769048, 0.816291, 10, 24,6335523, 6335524
1.4547425999436427, 0.304028, 0.421009, 11, 5,7823507, 7823508
29.43063210435605, 28.284920099999997, 1.34323, 11, 10,8635585, 8635586
122.55804140378336, 0.685606, 3.8813263, 11, 12,7243989, 7243989
27.0483793530683, 25.4837727, 4.9322552898, 11, 15,8203296, 8203297
7.534392593552866, 6.42057, 21.46073, 11, 23,1906910, 1906911
10.245285987437342, 9.070689999999999, 0.0774349, 12, 5,7516110, 7516111
3.6449638423463284, 2.4558464, 0.773124, 12, 14,858537, 858538
11.747647931503025, 10.4556, 0.364417, 12, 16,8286807, 8286808
1.4803063341520328, 0.318806, 0.390852, 12, 24,8581149, 8581150
164.25888233446517, 1.8402418999999999, 2.9375778, 13, 1,3932292, 3932292
9.325314561462733, 8.09696, 33.42492, 13, 5,4045396, 4045397
133.76405258504133, 0.0112725, 0.0250235, 13, 9,1370456, 1370456
26.88999823797451, 25.683970000000002, 2.53324, 13, 13,2578347, 2578348
91.30145387653056, 22.166963056, 6.01108, 13, 17,8807802, 8807802
147.85670114164986, 0.0112725, 4.8049567, 13, 19,1370456, 1370456
3.223908626390312, 1.97771, 0.236612, 13, 23,6735321, 6735322
1.5340474363440535, 0.515243, 0.982469, 14, 3,2376709, 2376710
1.1010412122711841, 0.00974694, 0.998334, 14, 3,8416869, 8416870
200.8025201514838, 0.0630982, 2.8489073, 14, 8,2750432, 2750432
1.2685609569729195, 0.0974676, 18.84126, 14, 15,1294331, 1294332
2.1021147432614953, 0.978563, 1.06388, 14, 15,2128567, 2128568
16.720262859552236, 15.212261999999999, 29.932606999999997, 14, 18,880643, 880644
162.97575283572564, 0.6247415, 2.9589, 14, 22,3079232, 3079232
161.39253680342472, 1.6556694, 3.0350949, 15, 2,1348232, 1348232
1.4680763180743952, 0.338633, 0.484618, 15, 2,4459879, 4459880
154.6258594674439, 1.6556694, 0.163024, 15, 3,1348232, 1348232
1.077974956230264, 0.051084, 0.701787, 15, 4,858859, 858860
1.5739910900394989, 0.457854, 0.0804713, 15, 15,2716910, 2716911
2.1064082973817904, 1.06906, 0.488216, 15, 15,9151759, 9151760
11.928332696195753, 10.83403, 4.0902, 15, 16,7297351, 7297352
65.54034538607732, 4.53956299, 6.7190491, 15, 19,763263, 763263
108.36310905360938, 30.136971000000003, 2.13542, 15, 19,8458507, 8458507
1.2289018040141855, 0.15893, 0.106005, 16, 13,6964018, 6964019
21.43357151916689, 20.0652133, 3.413635, 16, 13,9367890, 9367891
21.686043273168366, 20.474709999999998, 10.482569999999999, 16, 18,595612, 595613
1.3067950922251157, 0.2497, 0.33572, 17, 8,8392604, 8392605
17.189527165969707, 16.05215, 0.134863, 17, 8,8778339, 8778340
14.754181930328627, 13.4667682, 0.277052, 17, 9,2055922, 2055923
2.1083974613393366, 1.08779, 11.0164975, 17, 13,2922501, 2922502
44.40052100549292, 19.660999500000003, 24.2235, 17, 15,6531253, 6531253
1.2851453245344828, 0.231024, 0.406954, 19, 3,9883059, 9883060
1.1752347548975877, 0.115503, 0.578567, 19, 8,467089, 467090
3.3453342772950236, 2.306569, 2.95724, 19, 9,1126574, 1126575
1.314830155367531, 0.168634, 6.473047, 19, 11,3288808, 3288809
62.55053807853062, 0.63526, 12.042175199999999, 19, 13,9567764, 9567764
1.523903770033371, 0.197719, 18.9134087, 19, 24,3490946, 3490947
19.442900872089695, 18.020179999999996, 7.2712361, 20, 12,7097927, 7097928
117.9525225955822, 13.5903259, 4.3429937, 20, 19,3232633, 3232633
24.858534202730652, 23.6413330948, 2.65575, 20, 19,8077209, 8077210
48.99614926674667, 16.240294, 0.005545, 20, 21,1319083, 1319083
3.9480612912356037, 2.83452, 0.16242261, 20, 23,5341375, 5341376
2.0415338701467363, 0.926942, 0.168291, 20, 24,3782821, 3782822
3.983657132872736, 2.83452, 9.01328, 20, 24,5341375, 5341376
1.8912486580347831, 0.852353, 0.621912, 21, 3,981650, 981651
1.2258834708319455, 0.0400513, 5.2459703009, 21, 4,6194272, 6194273
17.027236421400175, 0.189485, 7.70045, 21, 7,8962809, 8962809
1.7151040503074455, 0.526044, 1.9934037999999998, 21, 15,6558733, 6558734
1.9909218521180492, 0.832126, 15.1767108, 21, 20,282270, 282271
1.8481172880261738, 0.713672, 0.36245, 21, 21,1216265, 1216266
222.41569310017235, 0.212444, 2.6210824, 21, 23,315328, 315328
16.182548025104552, 14.9579, 0.0241439, 21, 23,6106932, 6106933
7.204656226253292, 5.97786, 0.435685, 22, 4,8359507, 8359508
11.593541002509937, 10.38961, 0.550247, 22, 11,9026022, 9026023
2.828116137668985, 1.71522, 0.119049, 22, 15,8921526, 8921527
2.058444255151244, 0.816026, 0.171148, 22, 16,1038981, 1038982
1.7065782565849759, 0.55081, 8.584465, 22, 22,7251007, 7251008
31.478184010784503, 0.67218, 4.31686, 23, 2,8747758, 8747758
26.483755563115892, 25.19029, 0.857649, 23, 5,8684701, 8684702
10.19391899183006, 8.95492, 2.280741, 23, 6,3683896, 3683897
65.3445995452389, 8.6203767, 0.0145129, 23, 7,210971, 210971
5.201015194197566, 3.94389, 0.515993, 23, 18,1536182, 1536183
2.1935743692108645, 1.03301, 2.626052, 23, 20,2464177, 2464178
1.2749822509456408, 0.0606953, 5.7586513, 23, 21,5313203, 5313204
234.10437258565526, 0.135098, 7.581477012700001, 24, 6,640271, 640271
7.980397365735939, 6.80131, 2.35826, 24, 13,6398112, 6398113
71.00214359907545, 2.8438428, 5.953745799999999, 24, 15,8201756, 8201756
2.771253444403783, 1.57342, 4.353055, 24, 22,4780720, 4780721
28.826230028848613, 27.671246696500003, 0.601417, 24, 24,943905, 943906
1.1612239863641207, 0.122565, 0.320379, 1, 1,4838578, 4838579
44.84149931976208, 4.47416, 2.9945, 1, 4,7607202, 7607202
28.38817596477088, 0.10909, 14.96463, 1, 7,4959429, 4959429
6.754792437599008, 5.60757087, 13.909911, 1, 9,7495914, 7495915
1.6289431327863895, 0.400763, 5.553068000000001, 1, 13,3705189, 3705190
2.777335963501173, 1.73161, 0.070876, 1, 16,8427865, 8427866
137.8150717660667, 3.19065, 3.6988003000000003, 1, 20,9475916, 9475916
28.619355820149735, 27.383955999999998, 3.8279613, 1, 23,7194431, 7194432
3.1703090632014437, 1.95874, 52.491371199999996, 1, 24,5281395, 5281396
5.961577482975258, 4.9525106999999995, 0.555087, 2, 3,4687822, 4687823
11.729972947454826, 10.5211, 3.7406002, 2, 4,9035298, 9035299
1.927632552139812, 0.837749, 14.38798, 2, 10,4578062, 4578063
4.325297055887404, 3.1224574, 13.474619599999999, 2, 18,5063569, 5063570
162.99874064674623, 0.38261, 3.9773709999999998, 2, 22,695760, 695760
21.000259096368723, 19.93384, 19.06418, 3, 1,8697121, 8697122
92.52355431245064, 3.8015640000000004, 4.8608649, 3, 3,7239690, 7239690
1.2492185499843345, 0.219831, 0.0314328, 3, 10,7895853, 7895854
15.46683008872742, 2.04762, 10.767, 3, 10,9098942, 9098942
8.349756916547221, 7.07597, 1.55257, 3, 14,8337709, 8337710
3.445724132220448, 2.19863, 73.71221, 3, 21,7903635, 7903636
1.5106864711244725, 0.384065, 0.437533, 4, 6,4967961, 4967962
2.766239228698396, 1.6254, 4.53508, 4, 6,5041047, 5041048
29.144685053330818, 0.297471, 0.760742, 4, 8,625909, 625908
19.431261738653347, 18.272672, 18.735500000000002, 4, 8,2965243, 2965244
65.59491778353345, 0.00268084, 2.2958184, 4, 10,5184885, 5184885
1.5485337164889188, 0.484375, 0.179081, 4, 12,6929924, 6929925
1.6198940143026448, 0.423796, 0.14754, 4, 13,3453371, 3453372
19.486466446418603, 18.272672, 20.2308, 4, 18,2965243, 2965244
13.02815261584908, 11.9459, 4.79334, 4, 19,4688225, 4688226
25.884681474352874, 16.7324376708, 7.60612, 4, 19,8478019, 8478019
47.131323489601755, 2.74395, 9.2263046, 4, 24,5275211, 5275211
1.4799127392288938, 0.37795, 1.53121, 5, 5,6897093, 6897094
20.13635234372373, 18.84710565, 36.68671, 5, 7,3953668, 3953669
61.48299556374673, 5.7724972, 7.6923315, 5, 19,1843204, 1843204
32.85865378502751, 31.44533, 30.3455, 5, 21,769066, 769067
13.785755643989546, 12.6574, 0.36607619999999996, 5, 23,3937501, 3937502
7.1827399812889325, 5.964476400000001, 3.3726107, 6, 2,4225787, 4225788
47.5120245365664, 3.520183, 0.00372767, 6, 10,3757797, 3757797
1.1883687696270044, 0.0563493, 17.74747, 6, 12,8561522, 8561523
4.619272592555831, 3.5392159, 0.00233758, 6, 13,3482870, 3482871
1.419944222195113, 0.25175020000000004, 5.70492, 6, 14,9668306, 9668307
22.485023464982532, 16.5905, 3.96443, 6, 16,451606, 451606
58.048812545364626, 12.852391900000002, 8.403327999999998, 6, 17,5327491, 5327491
4.60438277187734, 3.34051, 14.80021, 6, 21,4492664, 4492665
27.48802946620833, 26.12016, 11.573552600000001, 7, 3,7871116, 7871117
8.139105509316778, 7.11497, 0.046623, 7, 5,8487865, 8487866
3.236290362144018, 2.01182, 11.086466, 7, 9,3423793, 3423794
48.89383659650241, 0.0840282, 0.0354841, 7, 10,2846751, 2846751
169.27004479086168, 2.2604118, 2.0278947, 7, 11,1650022, 1650022
10.113387588429873, 8.9180852, 1.11382, 7, 14,3247187, 3247188
1.280209945331194, 0.170774, 0.0195167, 8, 9,6161477, 6161478
4.785769711008243, 3.7044896100000004, 1.44533, 8, 10,5634245, 5634246
14.049631131792466, 2.192426977, 10.767, 8, 10,9098942, 9098942
7.480718958577427, 6.14689, 0.565213, 8, 13,9880182, 9880183
2.224432703686716, 1.03893, 0.545649, 8, 22,2197731, 2197732
66.26867272421248, 1.8494244, 6.492765899999999, 8, 22,5950769, 5950769
12.671460760594641, 11.506780200000001, 0.100801, 8, 22,6347047, 6347048
6.549884682955735, 5.34826, 0.557959, 9, 1,5254334, 5254335
2.023353123786819, 0.800988, 8.8208138, 9, 2,589106, 589107
8.06400629723123, 6.84619, 1.13455, 9, 5,6183600, 6183601
1.3253361571922824, 0.221491, 0.674467, 9, 5,6604555, 6604556
5.738242724019528, 4.66327, 0.763599, 9, 12,7234711, 7234712
1.3080754175746279, 0.308253, 0.109616, 9, 20,814045, 814046
1.5352158783233563, 0.258151, 20.107441100000003, 9, 24,9157534, 9157535
24.803982556285405, 23.636112999999995, 3.5247926861999996, 10, 2,8472098, 8472099
1.7154007089750394, 0.546288, 2.05902, 10, 3,1237485, 1237486
1.901942972127813, 0.714867, 2.374638, 10, 3,3806359, 3806360
1.6816920371347805, 0.484695, 0.627141, 10, 7,5719275, 5719276
4.403855555415248, 3.322418, 28.82371, 11, 3,8721274, 8721275
14.334264068328253, 13.00230244498, 27.838244699999997, 11, 14,893945, 893946
5.818334910515432, 4.5315778149, 0.934439, 11, 17,4385544, 4385545
12.770469882277098, 11.4089, 0.8495379000000001, 11, 18,8259097, 8259098
18.529889557881233, 17.405535999999998, 0.0917189, 11, 20,2299609, 2299610
2.1154181069333617, 1.00067, 15.78848, 11, 21,3609025, 3609026
11.24563250293636, 10.058187199999999, 15.211673, 12, 5,4994839, 4994840
1.6805875954554494, 0.483363, 19.5019792, 12, 14,7253526, 7253527
2.3364529461583743, 1.16121, 0.354089, 12, 20,150977, 150978
122.64081803467934, 3.2935114, 4.2868365, 12, 20,8462305, 8462305
1.5166507434589676, 0.280338, 20.460831900000002, 12, 21,7738510, 7738511
1.384241438178492, 0.270139, 3.803588, 13, 1,2541088, 2541089
26.010604248333152, 24.65694, 5.4273169999999995, 13, 2,1820424, 1820425
2.4289080202472633, 1.20988, 3.9930244, 13, 15,5281013, 5281014
88.89032361741806, 8.909464199999999, 5.841042, 13, 16,7088489, 7088489
2.9905301763287753, 1.76896455062, 17.2703662367, 13, 17,7617239, 7617240
11.861606818744804, 3.88233, 0.577477, 13, 18,7435450, 7435450
3.50994199971899, 2.2353267, 16.2421787, 13, 20,1560734, 1560735
1.097461260192631, 0.038139, 0.0174353, 13, 24,8984700, 8984701
1.4722198289931612, 0.258503, 6.674530999999999, 14, 4,3787486, 3787487
29.216083313860054, 27.91927, 20.76894, 14, 4,5412546, 5412547
1.462328910746237, 0.301478, 0.7021, 14, 5,3524336, 3524337
23.313668617969824, 22.09176, 33.211833, 14, 13,6858639, 6858640
1.7272791846921791, 0.63929, 11.627259599999999, 14, 13,9830490, 9830491
28.940933407737703, 21.0732916, 0.577477, 14, 18,7435450, 7435450
1.3211451664584501, 0.148292, 21.64603, 14, 22,163644, 163645
1.3119435472211762, 0.134597, 48.054680000000005, 14, 23,379074, 379075
13.87468470159888, 12.628093400000001, 20.329979899999998, 15, 2,5428716, 5428717
69.41947321165821, 0.0255958, 21.0321, 15, 4,8292661, 8292661
2.6496575800789515, 1.585106, 0.7021, 15, 5,3524336, 3524337
17.55606539505152, 16.26119, 14.4934376708, 15, 8,552972, 552973
1.5178707024948608, 0.442639, 0.461024, 15, 9,5325458, 5325459
2.438321847566158, 1.27959, 10.8336, 15, 13,2845591, 2845592
27.862547957637503, 26.711069000000002, 0.53202, 15, 17,8136446, 8136447
5.074309575841539, 3.72871, 14.80021, 15, 21,4492664, 4492665
1.679623316210268, 0.537833, 0.765698, 15, 24,2943143, 2943144
27.07903188653802, 3.8507369000000002, 22.10247258, 16, 2,1084701, 1084701
2.2432749607639835, 0.989937, 0.393103, 16, 6,5064374, 5064375
58.70357916159048, 0.0122915, 0.150097, 16, 7,8104698, 8104698
20.274023626956705, 19.03305, 11.4729, 16, 8,5625178, 5625179
3.6454123327831667, 2.42371, 11.6731392244, 16, 8,9466740, 9466741
9.926871825308012, 8.81043, 24.11671, 16, 9,5401960, 5401961
15.038303840657477, 13.714997, 0.234715, 16, 11,7183451, 7183452
2.5210237799304878, 1.260801, 1.69221, 16, 13,5418287, 5418288
80.19555158655498, 3.49372, 5.7280378999999995, 16, 16,788762, 788762
1.6217193840741402, 0.374968, 0.731364, 16, 20,1545263, 1545264
1.1869417731173826, 0.0519502, 0.809394, 16, 20,2594648, 2594649
18.221430950212834, 16.657429999999998, 0.916827, 16, 21,2609092, 2609093
3.0393522539616242, 1.74194, 0.149622, 16, 22,8662095, 8662096
20.07837333113025, 18.39149, 0.154719, 16, 22,9654814, 9654815
54.0822536785422, 4.9843487, 8.4462244, 17, 6,2748097, 2748097
40.3377147278278, 39.158963, 0.813635, 17, 8,4852890, 4852891
5.582197102562418, 4.31629, 20.8214, 17, 9,4510214, 4510215
180.7548837110039, 5.605767999999999, 2.7589418, 17, 10,148140, 148140
11.533384357872364, 10.3899657, 0.882695, 17, 10,153283, 153284
5.606098110867265, 4.31629, 59.09479, 17, 19,4510214, 4510215
156.1375525107503, 2.5614242999999997, 0.860366, 17, 20,2870537, 2870537
46.15546455529534, 22.5909337, 22.8358, 18, 2,8134645, 8134645
29.596231221957964, 7.76008, 20.5503, 18, 5,8425157, 8425157
5.97677168875839, 4.75844, 8.43168, 18, 10,5519703, 5519704
1.3203691842230683, 0.236632, 0.415847, 18, 12,8521982, 8521983
17.772616495940383, 16.58061, 0.27455, 18, 14,3526606, 3526607
1.635439616168469, 0.574247, 16.04815, 19, 6,6507467, 6507468
1.2046728480058846, 0.0418107, 0.02085, 19, 8,3693491, 3693492
52.36201798233765, 5.4698804999999995, 7.555034999999999, 19, 8,9731745, 9731745
1.7072394580337686, 0.48507, 7.394880000000001, 19, 10,1371007, 1371008
7.794804320899743, 6.72501, 0.268274, 19, 10,4004700, 4004701
203.84547070505482, 0.7413, 2.74185, 19, 14,501067, 501067
3.2756113960418816, 2.19623, 0.178746, 19, 16,2843328, 2843329
1.3673296866492137, 0.102757, 11.506123, 19, 23,3460735, 3460736
13.055088501538421, 11.81252, 0.557959, 20, 1,5254334, 5254335
5.362903524209287, 4.169787, 1.13455, 20, 5,6183600, 6183601
5.771098275586155, 4.64108, 0.551603, 20, 9,4452294, 4452295
124.43495183149275, 33.6723815, 5.2484564, 21, 6,7810738, 7810738
27.575056668927573, 26.260074099999997, 0.838011, 21, 7,541655, 541656
3.077452646686311, 2.0143, 9.45938, 21, 17,1414458, 1414459
11.277255093634494, 9.993956, 65.87707999999999, 22, 9,1867871, 1867872
32.43865586003733, 30.692590000000003, 3.9102387, 22, 14,8339462, 8339463
196.7338050127869, 0.0665846, 37.2779919, 22, 23,9892953, 9892953
91.78425134085819, 1.3124500000000001, 4.7104057, 23, 3,6828326, 6828326
55.719127724350415, 7.4665221939999995, 8.734849200000001, 23, 6,2495734, 2495734
43.49066304827579, 6.0528249, 0.0331399, 23, 12,5521061, 5521061
1.3682523080497049, 0.145662, 24.67778, 23, 14,5715694, 5715695
1.3457080742150538, 0.146487, 0.0336706, 23, 16,7083640, 7083641
15.586435841452385, 14.13071, 26.292170000000002, 23, 17,8226178, 8226179
15.553207377181593, 14.13071, 6.39211, 23, 18,8226178, 8226179
18.80150548129302, 17.762, 19.89929, 23, 21,4375593, 4375594
2.6378721461248915, 1.4087, 10.523681, 23, 22,7240828, 7240829
1.351244258964357, 0.291685, 0.531051, 23, 22,9033100, 9033101
1.1900252140629846, 0.138368, 27.637700000000002, 23, 24,2315961, 2315962
1.3901844005806652, 0.133809, 1.4082473, 24, 3,9872480, 9872481
14.788039300012656, 13.652899999999999, 3.96281521, 24, 4,6765141, 6765142
25.88631270096937, 24.723, 0.490772, 24, 5,6399912, 6399913
13.044674240029394, 11.95824, 0.213126, 24, 6,853427, 853428
12.047016755714026, 10.776515280000002, 8.70528, 24, 6,8830611, 8830612
17.8105957667359, 16.483069999999998, 4.9244346708, 24, 6,9509076, 9509077
5.790168014013943, 4.69658, 13.912182999999999, 24, 7,4155271, 4155272
1.5928991004931277, 0.313636, 2.0918, 24, 9,4559299, 4559300
45.167568598075945, 8.5433695, 4.31818, 24, 9,9825542, 9825542
6.222516465179297, 5.0139, 8.67574, 24, 11,1639765, 1639766
3.7907734126251853, 2.613919, 17.9179025, 24, 12,2917957, 2917958
2.8461457687001257, 1.75529, 4.38091, 24, 15,3364197, 3364198
1.3785087065141397, 0.183534, 0.187182, 24, 20,4081430, 4081431
81.38839858232404, 0.00364492, 16.3918, 24, 23,3717302, 3717302
1.665382374822002, 0.545787, 3.16787, 24, 23,7820109, 7820110