34.60493196571031, 2.9522720000000002, 5.74108, 4, 3
66.40566632350385, 14.2958842, 4.904978, 9, 1
28.38954200991043, 24.82049356, 0.57802, 9, 4
43.34033695822279, 9.9592601, 12.676501, 12, 3
107.6693867619224, 1.7274075, 4.3188997, 13, 3
41.74125893065491, 14.608544, 20.9337, 13, 4
96.57137969351243, 1.2204965, 4.516013, 12, 10
89.07206131960152, 0.581979, 4.53574, 12, 12
89.03873233290369, 1.2421959, 4.3183667, 1, 1
103.49207514749492, 1.525017709, 4.6262862, 1, 4
105.28863863135507, 1.13274, 4.00423, 2, 9
61.19865454007402, 7.1328777, 0.0550638, 7, 4
36.94898196759641, 8.8952498, 0.0216605, 8, 7
95.95710518108376, 4.1600971, 5.21561609, 11, 1
105.75706168637066, 2.7582227, 4.2841647, 11, 2
61.46480387145232, 8.011604, 8.3995102, 12, 9
101.38710466575026, 1.7042190000000002, 0.00354214, 12, 9
70.33959740846262, 3.566646, 0.061039, 12, 10
27.45670726411106, 7.44282, 18.9694, 1, 11
69.81850971386814, 4.748177, 0.036655, 2, 11
88.97249235430922, 3.3078905, 0.953012, 2, 11
15.038914777483228, 13.9157771615, 0.688614, 6, 4
91.51696332417191, 1.7791446, 2.641577433, 8, 4
120.91420454181662, 0.0635189, 4.413004, 8, 5
48.96855639763737, 34.680550000000004, 3.478802, 9, 6
56.38926448483289, 28.530029999999996, 20.5295, 13, 12
95.10976263410657, 2.93445, 0.00866955, 10, 10
47.124197917274046, 5.4446357, 0.000549279, 12, 9
94.90425095317505, 4.4867602, 4.3835025000000005, 1, 6
47.67202671358348, 29.83697, 0.0235919, 2, 10
101.81627902331866, 0.0289126, 9.756286, 4, 6
100.81917101020008, 2.5203796, 4.9615176000000005, 4, 6
91.74301170163108, 1.8086470000000001, 4.3270127, 4, 12
113.30413296099823, 0.00304861, 8.32776, 7, 1
16.20586641485295, 5.039306082, 0.00875894, 8, 10
75.1598938132945, 2.3668156, 0.00586196, 2, 4
43.70633603201554, 20.157629999999997, 22.5425, 2, 10
32.62300662802909, 20.17878, 11.5973, 4, 12
104.03676812527328, 3.7156520000000004, 5.005299, 7, 3
33.34326633397916, 9.2790167, 24.3736, 7, 3
48.02346159200772, 31.90689509, 0.0116782, 7, 7
50.38102568640909, 16.8782191, 4.0002085, 9, 8
87.96733229439064, 2.0543954, 4.7792018, 11, 3
59.80234282324727, 10.666101999999999, 6.7017671000000005, 11, 8
107.3052804758081, 1.640377, 4.9893518, 12, 7
41.92260588622446, 23.452347000000003, 17.072, 12, 7
67.35703126852218, 22.556315196, 8.7849114, 2, 3
48.835137111491804, 7.665916600000001, 10.5335496, 4, 1
51.43339951791597, 10.3864589708, 10.1781892, 4, 2
88.35240812776374, 0.0222986, 0.717845, 4, 6
30.9751385117479, 19.095679999999998, 10.8329, 6, 3
100.52581345003932, 0.0142656, 10.2818776708, 7, 4
1668.2070564488045, 9.67295, 0.021527, 11, 8
87.18537235897315, 1.9427129, 4.27061, 11, 10
96.3196855163012, 2.4324875199999996, 4.6480168, 1, 3
88.36547145821214, 6.91504, 5.4005359, 2, 6
33.918789627490696, 6.999142, 17.9591, 2, 6
62.60353718502665, 16.706563700000004, 2.2469927, 3, 6
77.79352476769327, 10.985200800000001, 4.842138899999999, 5, 3
101.08664868534902, 0.00315915, 0.148482, 5, 4
23.396505631170612, 7.5385475, 1.55368, 4, 10
51.46989732104737, 30.006329, 5.340654, 6, 7
104.3520225857153, 4.3094712, 4.478491699999999, 9, 1
45.58328824212106, 6.0220880999999995, 10.916476600000001, 8, 7
101.87972546667834, 2.07857, 4.375004, 8, 11
47.72449297758294, 10.1962313, 11.0380539, 11, 2
109.518213227155, 0.0661153, 0.82197, 11, 5
68.01799248174586, 4.26846, 6.6182704, 13, 3
54.653108572788824, 12.8010767, 11.0696391, 5, 1
56.28503582939368, 1.1967751943, 2.95666, 6, 4
33.76045896694052, 9.37904, 24.447, 6, 5
65.7405685540632, 9.6196388, 0.0312408, 8, 9
18.031608797272042, 8.702236, 8.04814, 11, 4
101.21917705948908, 0.814193, 4.646041200000001, 13, 7
103.50002457266828, 0.0100745, 4.23794, 1, 7
71.28343432594579, 1.6581561000000002, 6.243959, 2, 6
79.57845896673336, 2.3941513, 5.5540009999999995, 3, 3
51.56459102289023, 14.0834, 11.158781600000001, 6, 10
57.467797452585614, 12.6220847, 9.582676000000001, 9, 10
107.64431724481733, 1.19102, 4.4186948, 12, 3
66.51962505998893, 23.123848926999997, 8.990489400000001, 13, 6
106.03989706549305, 3.1897482999999998, 1.2621998, 13, 8
58.96505402664104, 7.527167339999999, 8.210125099999999, 13, 9
44.703822324148405, 17.1197237, 22.5975, 2, 4
106.90077139291657, 0.027389, 4.606533600000001, 5, 4
100.11449530318873, 3.24965, 4.844706850000001, 6, 6
106.7932126430303, 1.2880101, 4.3008, 7, 4
67.05244270943899, 8.8887853, 7.0783939, 8, 1
58.13433862817294, 23.696869200000002, 0.002398088, 9, 7
30.69334914682588, 1.1249926708, 15.4479194, 8, 12
92.94925143033265, 0.0672079, 0.67743, 11, 5
44.665423568118285, 38.38179, 4.2636, 11, 12
66.87251096107502, 2.094541, 2.057432, 5, 1
54.66375070891627, 16.0217, 10.2176, 5, 5
49.59529214572672, 6.919673, 0.0336193, 7, 3
101.95353794964421, 2.6129713, 4.8577433, 7, 9
95.65473336589866, 0.14873681, 4.6607731, 8, 9
97.09832269833578, 1.0668766, 4.5458455, 10, 6
44.27323433938989, 3.24381725, 0.00901829, 9, 11
41.349171421936944, 4.640964, 11.2441, 13, 7
66.61973211045313, 5.45585, 0.0778507, 2, 7
99.62243529122816, 1.9786302, 4.7487104, 2, 9
67.63150434489933, 1.3822857, 1.2547385, 4, 12
60.42504495936157, 5.70652466, 7.3952575, 8, 2
93.58963484918468, 0.0181693, 0.226747, 9, 1
32.225381081002524, 13.03416, 18.362552151, 12, 7
37.2450739261285, 12.847620000000001, 23.0469, 13, 4
95.14608519359626, 3.619958, 4.221227900000001, 12, 10
73.75637415231051, 10.810939999999999, 0.0772291, 2, 6
62.478387546446925, 0.733432, 6.9680029, 3, 9
91.74849809693, 1.6573786, 5.1663987, 3, 9
96.17702857665063, 0.0199319, 0.0497567, 5, 2
97.2515241936585, 1.9872638, 2.8975264, 6, 9
96.29092612255954, 0.0261556, 16.3760276708, 11, 2
90.31783245217662, 0.0275328, 5.1907569503, 4, 6
63.86908258224503, 14.1700424, 1.2914866, 8, 12
41.91063141964548, 10.220544499999999, 12.3482, 10, 5
99.37717044959822, 0.161419, 4.0959318, 10, 5
97.87661950893425, 3.63681068, 5.071511200000001, 13, 3
65.80082941623994, 3.35329, 6.8770986, 9, 4
91.35849308228194, 1.063361, 4.521836700000001, 11, 4
102.43178930615795, 2.96734, 4.9789944, 12, 3
105.98236586328721, 2.0849287199999997, 0.00620627, 12, 10
113.2964806899056, 0.214914, 0.000473732, 1, 7
91.48680885516319, 1.04923, 4.2947801, 1, 7
112.18196446610546, 1.43373, 4.866357600000001, 9, 1
86.585328741578, 2.6783374, 0.00438726, 9, 3
138.63695214607992, 0.834973, 4.5672843, 8, 11
74.2450519857349, 0.6081170633999999, 0.522445, 11, 5
50.39995779179935, 5.769925000000001, 7.4672294, 11, 5
29.380189728352434, 17.253681, 0.00881089, 12, 2
69.05434437226143, 15.858380250999998, 7.9028407000000005, 13, 11
91.60420014153146, 0.00603689, 14.51416, 1, 3
94.0156819275785, 2.3709969, 5.2198097, 2, 12
525.3694770299708, 0.224625, 0.0400779, 6, 6
48.1644724571795, 5.470911, 9.456053, 5, 12
30.78191324402212, 13.9883238, 0.0209412, 6, 11
103.72731496157235, 3.0231579999999996, 4.764157, 8, 4
93.52356754424432, 4.2695879, 0.53864497, 10, 5
89.64286873891228, 0.0435391, 0.0767747, 12, 2
25.108872521155718, 16.5007236708, 7.31246, 5, 6
99.88348890739212, 3.286828, 4.6639409999999994, 8, 1
59.00717757752227, 16.8290081, 9.0109363, 10, 8
89.83287135070987, 3.3963675, 4.8451386, 11, 11
99.47710848824931, 2.4454353, 4.368034, 3, 4
56.68783163733906, 4.863249, 1.4213174, 5, 4
96.39845964971755, 0.7299340000000001, 4.9487115, 8, 1
91.34996535892378, 1.2310012000000001, 4.4370974, 10, 1
94.75550750455523, 1.965246, 4.5364894499999995, 12, 1
49.313764142755076, 6.3704485, 0.582779, 13, 8
99.88645706133684, 0.0435408, 0.395344, 13, 9
95.62393697872812, 0.00377193, 0.318624, 13, 11
47.72768438245873, 31.21011, 15.9651, 2, 1
48.42692442650343, 23.89853, 0.00508014, 3, 4
77.15328602338695, 5.0622748, 3.6194710199999998, 2, 12
31.843613922276063, 8.8291576708, 21.8099, 5, 1
107.1993012742023, 2.5940719999999997, 4.486378800000001, 3, 12
77.52370291383193, 2.5557128000000002, 0.0415639, 5, 6
58.98076925057967, 18.7332, 0.023149, 5, 6
104.52030137841302, 2.67464887, 4.6235242, 8, 2
98.59420190885726, 2.6612816, 2.565461551, 8, 11
107.37512531953143, 0.602581, 4.6272741, 11, 1
91.655117283251, 1.03444, 4.8674593, 11, 3
85.93438011390595, 0.0281662, 0.158954, 12, 9
106.75691675496637, 2.1908034, 4.988340900000001, 12, 10
102.5537414259552, 0.00693316, 15.7170376708, 13, 12
98.53896816218162, 1.04722, 4.7045851999999995, 4, 4
64.31711564340696, 38.28021, 20.6774, 5, 7
81.55314489408806, 3.24097417, 5.8519875, 8, 5
102.53661667705114, 0.206513, 0.884591, 11, 1
48.51799987717277, 19.0854262, 15.4736, 11, 6
102.91221530750772, 0.0153249, 0.999041, 13, 1
45.616526344075965, 20.4482, 24.8615, 13, 5
54.22640524792871, 5.4953634000000005, 1.87870157, 13, 11
95.72306209252793, 1.14712037, 4.407549, 1, 1
57.653848581386455, 18.050412700000003, 10.2490628, 1, 3
56.72462616267558, 18.050412700000003, 0.0241017, 1, 10
66.45429422264067, 1.4608446853, 1.94361, 7, 4
35.08256519923293, 24.510239999999996, 9.0228, 12, 4
97.23427411517628, 3.7773980000000003, 4.6598949, 13, 2
109.45663875028117, 1.2240449999999998, 5.169717599999999, 3, 12
51.21262626695045, 17.569262900000002, 11.7816, 11, 5
116.60278112018864, 2.0033092, 4.7046073, 11, 8
40.308058920405756, 5.6508155, 0.0114741, 2, 3
15.700876872993035, 11.7785946708, 1.56746, 2, 5
90.50880085302742, 0.6431285, 4.301204299999999, 7, 12
98.87435658703544, 3.7136055000000003, 4.571788799999999, 10, 9
108.25408615589754, 3.4151645, 5.0711942, 10, 11
72.26325609361322, 1.391584, 0.0533032, 12, 4
33.65994174809009, 11.42956, 0.0139957, 3, 9
102.76525670756587, 2.1644275, 4.8418792999999996, 5, 10
99.71792900261335, 3.2968867, 4.8872359, 9, 3
1515.4500322194276, 12.3670750708, 0.21705156, 8, 11
109.30800138475365, 0.0385656, 0.836307, 11, 1
104.56810139338972, 1.28858, 0.149147, 10, 10
92.88476683698536, 4.1984577, 4.81518, 12, 3
28.696742371407936, 15.217492, 12.2072, 10, 12
54.38774376181925, 14.116724099999999, 0.0331629, 1, 1
68.31547087971421, 3.7035514999999997, 7.084362, 4, 4
93.9734587424191, 3.1160314, 2.1058393, 3, 10
50.92960901728634, 6.420228, 9.9494375, 5, 4
107.31488887494106, 0.51146, 2.4573618, 6, 11
42.93160515347995, 12.959079859, 11.6247, 11, 3
37.16721712537321, 16.16438, 19.7092, 2, 8
98.14728992224423, 2.143881, 4.449998000000001, 3, 7
109.69473302020447, 3.322901, 4.5050301, 8, 5
101.94864840859941, 4.41466, 4.792916600000001, 9, 4
47.852707800385474, 6.238021999999999, 8.9013823, 8, 11
125.63180105235256, 0.76386, 4.8926281000000005, 11, 2
46.16299773561366, 7.0379873281, 0.0205731, 10, 7
97.68435627620693, 1.8399769, 4.394352, 11, 7
43.12622439270308, 21.085209, 20.3686, 12, 6
40.36974476625767, 10.08041, 14.9709, 12, 6
87.63519962158762, 67.332863539, 18.9158, 13, 5
42.125542179651234, 14.473837199999998, 15.0107, 9, 6
28.35933918721082, 8.80409, 17.8339, 10, 3
100.48851936080223, 1.4490684, 0.987886, 10, 5
64.82193591963369, 9.552114148, 5.39552744, 11, 4
51.212363508017006, 10.477242799999999, 9.4590371, 12, 8
73.06430089110495, 1.16393046, 5.5983225, 12, 12
87.16225790407339, 2.570099, 4.720723700000001, 1, 4
104.50299256158883, 2.541903, 4.7437893, 2, 8
101.0383415698243, 0.00416033, 18.45815, 4, 2
89.14161409628196, 3.6777075000000004, 1.61194, 4, 9
110.14636418322834, 0.4940163, 4.4680777, 6, 8
105.19162119160205, 1.0210919999999999, 4.164584499999999, 8, 2
83.2903147773768, 0.0495073, 8.06106, 8, 3
34.678347109328, 8.7851198, 16.2724, 12, 3
98.3961489494825, 0.00534649, 6.3856956, 1, 1
62.01595287526084, 12.056370000000001, 4.7232400000000005, 1, 3
30.05474663647533, 17.094409, 11.2616, 3, 12
67.74095333805394, 3.843881269, 6.5265543, 6, 5
51.98572599652846, 23.2806409, 20.0963, 10, 3
115.57416518560922, 0.064711, 24.286313709999998, 10, 6
84.37535861583592, 1.4912390000000002, 4.4981354, 13, 6
93.51311997500602, 3.4157159000000004, 4.9076919000000006, 13, 11
91.72903677181057, 3.9007351, 4.6809218999999995, 13, 12
98.83276898435747, 3.2633807999999997, 4.5736489, 1, 11
97.24906718290185, 0.0125138, 21.5942303, 4, 1
118.28286232368077, 0.2547292, 4.5384385, 4, 5
116.82642101182932, 1.5778064, 2.57976217, 3, 12
104.4005442851851, 3.772316, 4.732651000000001, 4, 12
31.66980285947261, 7.5360476708, 21.5454, 7, 12
49.56995729449807, 1.8043069999999999, 0.07726, 12, 7
109.87702533314678, 3.986977, 4.3927548000000005, 1, 2
95.9911203072786, 1.6537785153, 4.4032701, 3, 4
78.49227221863407, 2.8849715000000002, 5.962950623, 6, 2
92.80996275827124, 1.4831265, 4.6540821999999995, 6, 12
43.89363757504702, 13.6137531, 14.4456605, 6, 12
118.50275679305014, 0.35254569999999996, 4.8097256, 10, 8
90.23734356587192, 4.394709400000001, 5.075429300000001, 12, 3
101.4894361601389, 3.6220230000000004, 4.9430403, 10, 12
65.37452746087592, 3.11463, 7.1401281999999995, 13, 7
107.07647484314157, 0.00304639, 2.252543, 13, 11
63.92204919283529, 6.030677799999999, 7.0173778, 1, 7
97.50369360997024, 2.885449, 4.7471654, 1, 7
37.21041037536054, 29.65327, 0.11546, 2, 5
94.24055983415701, 2.5142297, 1.9558231000000001, 2, 6
89.4543292027679, 1.1223962, 4.4897887, 5, 4
19.177451816400776, 11.99935, 5.40243, 6, 6
49.19686699262331, 2.992578, 10.0010605, 7, 3
116.97340467974823, 1.486166, 4.3124120999999995, 7, 9
101.22597036545108, 4.2369883, 0.410325, 12, 2
94.55405862690964, 2.0520652, 0.0488581, 10, 11
100.42126508210185, 2.11651245, 4.534066500000001, 2, 1
100.8782304594863, 3.7757659, 4.421804, 3, 2
51.04243308395178, 4.1982136708, 9.5892875, 4, 9
61.26604520735384, 4.0025176708, 7.8517451000000005, 5, 7
1223.504127277784, 0.155493, 4.5112979, 5, 7
43.52020291244207, 4.4346559999999995, 12.5103879, 7, 8
136.11266268857435, 0.0729853, 3.0454899, 7, 9
75.00292281931809, 3.4802036000000003, 6.344531699999999, 9, 2
75.44667408298471, 4.1279900000000005, 0.0407511, 7, 12
49.85659694037736, 29.733710000000002, 19.9823, 13, 12
30.075761165338577, 8.586829999999999, 20.3219, 7, 7
59.154055770968284, 5.99026, 8.1088399, 8, 7
65.96262501452577, 29.282572426, 10.7565984, 12, 7
102.91674192793107, 0.15809739, 0.0152638, 1, 1
35.954081717235, 21.34587, 3.067103, 8, 3
102.46025410079687, 0.785827, 3.1288763, 9, 5
67.86115422021805, 14.870937099999999, 7.710619299999999, 12, 8
105.48059007772667, 1.4488083, 0.111455, 1, 3
51.39736773163747, 5.3550426, 8.2397672, 2, 3
68.11420548300453, 7.324452, 7.7107462, 5, 7
100.04938093190958, 2.8181954, 4.7516876, 11, 7
71.85483335763922, 5.721459900000001, 5.5861665, 13, 11
41.22825577151741, 2.8346036096000002, 12.12232, 1, 2
113.87286960108054, 1.2138152000000002, 4.4658479, 1, 3
39.157957958835254, 8.11132, 17.1721, 2, 6
93.40958180449707, 1.1496776, 4.1978234, 7, 1
33.38954718766513, 16.63107, 14.9989569, 6, 9
70.92511598348983, 43.963429399999995, 20.2224, 9, 6
106.23625181380567, 3.2127147, 0.145589, 1, 2
626.9998356862613, 7.0840722808, 0.69126, 1, 8
99.58955964461757, 0.512503, 4.515392, 6, 4
48.41802559389873, 10.0422255, 0.0268554, 9, 7
95.50478968631478, 0.5422945, 4.9102686, 8, 12
92.03668718516337, 2.0426703, 0.0119664, 11, 2
99.95762872660521, 4.4365274999999995, 4.5270392, 10, 8
79.45643562707926, 10.4293722, 6.5503131, 12, 4
79.28795201737421, 5.796843, 5.467641599999999, 3, 6
69.165540246756, 9.683576200000001, 7.151174800000001, 6, 2
92.72016564369278, 3.7904174000000004, 4.541628, 6, 3
62.256225348414205, 28.9404089, 14.2697709, 7, 2
112.13274509917483, 0.82031881, 4.897937199999999, 9, 10
108.97627923212849, 2.453435, 4.6081598, 11, 4
105.05904015490705, 3.3845678, 4.6246248, 11, 9
88.54583296050669, 0.0119622, 4.568105, 11, 12
98.06073371059347, 4.4856129000000005, 4.6308002, 13, 10
103.3025081610956, 2.1769131, 5.1287558, 1, 6
110.55667541240723, 0.438614, 4.444673, 3, 7
1824.3575081880895, 0.0279193, 4.8985722, 4, 5
91.3282185457465, 3.6477266, 1.12407, 6, 8
91.24881619688199, 0.290342, 4.2441944000000005, 8, 1
83.37456753596177, 0.927396, 3.720513, 9, 3
87.47828700342211, 2.535568, 0.597109, 13, 6
99.10528709008872, 0.797675, 4.5575847000000005, 13, 12
59.11473461720118, 27.84431154, 0.00346678, 1, 9
66.91167495883894, 4.426309, 6.533545, 1, 12
100.41908030604532, 0.4773488, 4.5378043, 3, 5
42.81517691473209, 38.23263, 2.31578, 5, 10
92.42949381312314, 0.0335022, 1.56192, 7, 3
41.00305453470253, 17.738500000000002, 9.0758, 8, 8
108.22827095681441, 0.0320541, 0.13035, 9, 10
101.07213832450338, 3.0577524, 4.508286, 9, 10
88.9919800171242, 2.8391411, 4.3058511, 12, 5
32.35199450808591, 16.4866342, 15.0615, 13, 4
24.552554005068032, 14.26125, 9.34089, 1, 4
107.09634464001101, 0.086818214, 4.699676500000001, 2, 6
14.912782389813856, 8.810110457699999, 4.04322, 2, 12
24.253471316416608, 0.949552, 21.8779, 4, 5
100.3459548963151, 2.1987493000000002, 4.5326249, 7, 10
107.56357380318286, 0.00889973, 4.6419695, 10, 8
103.03202369887413, 0.069187, 4.5870953, 13, 2
103.18528342597574, 0.0318937, 37.32315, 13, 2
724.027882193526, 0.144926, 4.699676500000001, 13, 6
92.48303775947511, 3.47737429939, 4.3319719999999995, 1, 2
46.756787267149775, 8.9944859, 11.0966, 1, 5
33.129481229297085, 17.579146, 13.7622, 1, 5
107.89299529073924, 1.3063825, 0.811073, 3, 5
97.46127360890091, 3.4374732999999997, 5.1421585, 6, 3
97.5557163367962, 1.7321295, 4.598749, 7, 4
56.97988019152001, 10.041101900000001, 8.6609361, 7, 8
58.03270182354288, 4.3662818, 7.239644, 7, 12
105.33866340343661, 2.505630627, 4.116335, 2, 4
35.839847863394766, 10.916371600000002, 18.0792, 8, 1
105.55791154486496, 1.2298862000000002, 0.030186, 9, 3
67.28354986374313, 5.150068000000001, 0.49528, 8, 10
109.05625863740715, 1.785346, 4.7743413, 12, 10
90.29374812686524, 2.948413, 4.7624491, 3, 4
94.0678680476633, 0.0631827, 1.3659040999999998, 5, 6
96.89494843220928, 3.44729, 3.6215099, 9, 5
102.87053788645198, 1.18705, 4.7178032000000005, 9, 5
104.70501975807406, 0.616562, 4.682834, 10, 10
17.66461348142218, 7.652603926099999, 8.90792, 10, 11
91.74973279013625, 4.4072911999999995, 4.5956525, 13, 6
108.99745942045274, 2.3910099, 4.3160118, 2, 1
28.395776633489504, 17.54452, 9.25515, 2, 4
18.696948725361835, 12.03254598, 4.984510930000001, 5, 2
86.61283435231803, 4.291835000000001, 4.4840046, 7, 3
117.59221764541007, 4.2829076, 5.0871516, 7, 11
99.9505051731744, 4.067621, 4.4491298, 12, 3
52.32178171499697, 2.848307, 25.458558699999998, 13, 9
98.79490981033405, 3.8007848, 4.4868352, 1, 1
37.977410867372555, 16.0176075, 0.0102468, 1, 1
93.58250525652625, 0.0205925, 1.07776, 1, 8
46.902766967773346, 12.272203170000001, 12.6860629, 2, 10
36.22395943593119, 29.02518, 5.660916877999999, 4, 3
59.339075887485706, 8.913245, 7.664884499999999, 9, 4
98.68518252392641, 0.023673, 31.281776800000003, 12, 4
27.219997784702628, 14.37651, 11.8959, 11, 10
100.09219360159932, 0.0128034, 5.326699, 13, 3
96.84792100385016, 0.023673, 13.0871, 12, 12
83.2006967170131, 3.1958679, 6.086804, 1, 2
72.61417378207364, 2.793581, 5.9123727, 1, 8
89.61016814566483, 3.96706, 5.058524, 1, 9
37.30236564719132, 16.691584, 4.56673, 5, 1
35.27077527657718, 5.3724, 0.00495556, 6, 11
95.79748693192096, 0.9540403, 4.6474025, 11, 6
93.02744332546058, 2.6298079999999997, 4.8520415, 1, 10
91.39466245819062, 1.539677, 4.4795461, 7, 9
115.34201113679114, 0.0649557, 6.7457176707999995, 7, 9
104.24489827060029, 0.007942, 0.00283652, 12, 5
16.42537885742115, 13.52939, 0.756894, 11, 10
90.02671217184661, 3.1563302990000004, 4.4814261, 3, 8
58.047067748836525, 10.420583, 3.4204463, 10, 1
99.54891639367429, 3.5450046, 4.6369502, 10, 2
58.432395022366904, 17.57786, 0.401941, 9, 7
39.34272587502721, 10.5455876708, 18.6022, 13, 1
86.61249989030875, 4.1016075, 1.0288, 12, 6
102.6614222873834, 4.3914499, 0.0385914, 13, 12
91.95059634871768, 2.2168621, 5.1966681999999995, 1, 1
40.43274050911384, 9.8795363708, 16.270934, 1, 6
108.5041743461386, 0.0335596, 16.019640000000003, 2, 10
94.88133119721192, 1.82407, 4.5003544, 4, 4
88.15335051573174, 2.09473, 4.5209701, 5, 3
106.60223252416085, 3.529357, 5.1644325, 9, 3
97.55703533667088, 4.286097, 4.8366704, 7, 12
24.234745884014615, 7.3054, 0.0159303, 10, 2
96.18981692157695, 0.8452795, 4.6252995, 11, 2
102.77619216326116, 4.662255699999999, 4.7234174, 11, 3
89.00582685910786, 3.7654456, 4.53327, 12, 8
104.30839663053007, 2.4546273000000003, 4.566582, 13, 9
101.36426423082389, 2.1691117, 4.858367400000001, 2, 1
32.826038166906756, 9.839459999999999, 22.0963, 1, 9
92.86336719932046, 0.017317, 0.309154, 6, 1
94.90092424819045, 2.1736543, 4.816326999999999, 5, 6
103.29802661952886, 0.4770381, 1.06701852, 6, 4
103.50270008951884, 1.5763, 4.34040772, 6, 9
94.73577493355538, 4.2297271, 4.4851608999999995, 7, 9
70.0398838631495, 10.485508000000001, 7.3049771, 11, 6
97.93128235153358, 2.906105, 4.6645322, 13, 2
54.35374005094593, 15.856073, 10.008234400000001, 1, 5
95.03825688880147, 0.00533724, 0.0840661, 5, 10
56.396766009320345, 6.4556386, 8.334901200000001, 12, 3
85.97137505408705, 3.51092, 1.6694, 12, 7
28.043434398450927, 11.32366, 15.467, 13, 12
112.86455598337761, 1.169069, 4.2594699, 8, 5
42.60028276195703, 18.38604, 22.726, 8, 11
63.09039096967081, 21.5070496, 9.7738255, 13, 9
61.18817161753816, 25.1310528, 11.0085, 13, 9
100.86909706280971, 1.945236, 4.5617242, 13, 10
92.72452898713323, 2.6168652000000003, 4.950014599999999, 2, 2
93.6874556824805, 0.00257292, 4.9357719, 2, 4
18.447847838296866, 14.253851910000002, 5.70633, 4, 12
106.98618407625827, 4.755486899999999, 4.382485, 10, 7
95.68177950147447, 0.0179266, 3.9086844199999997, 11, 8
85.48382995730833, 0.0301872, 41.29371, 13, 2
53.033669191975264, 14.460067670799999, 21.22758, 13, 4
90.39727665063697, 4.066705530000001, 5.3037479, 4, 7
106.27362156037475, 1.3003947, 4.6072316, 9, 8
89.34884564102913, 4.3181869, 2.72387, 13, 10
97.33637693399555, 3.7192484, 4.9718013, 1, 8
31.993508060911154, 11.34796, 0.0243883, 3, 2
101.24912205923965, 1.7080977, 4.453172299999999, 3, 9
109.64874930748692, 2.3864252, 0.00157262, 4, 11
111.02703410386403, 0.0141744, 7.422040000000001, 1, 11
101.32049361216286, 1.41019, 4.3994107, 2, 10
99.50789098660675, 4.433949, 0.0621432, 3, 10
118.83342387161633, 1.7435827, 0.18688, 6, 7
106.9984789291027, 0.183948, 4.466493, 6, 12
51.58175569082846, 5.151057270800001, 8.697471499999999, 6, 12
46.85556243769497, 20.9714601, 23.7294, 7, 11
96.77381472757634, 4.6889303, 0.0397187, 12, 12
64.7976733778238, 15.3670268, 0.0582883, 13, 10
69.19743065670013, 36.256567605, 11.42502, 13, 12
74.38417321489658, 10.5900573, 7.1859861, 10, 1
109.61882208503357, 4.0913512, 4.5613421999999995, 10, 2
96.39017689851335, 4.059939, 4.3551168, 9, 11
24.04000784223922, 15.995574999999999, 21.4894, 13, 11
98.34771131743923, 2.59988, 4.899808, 6, 2
107.8602225427428, 1.1685619999999999, 4.319991, 6, 3
121.36433423955805, 0.190308, 4.9934852, 13, 3
100.10064736305458, 2.553146, 0.0488027, 1, 2
14.84425182496625, 10.877956000000001, 9.03272, 3, 9
41.31128806725974, 6.088454, 0.0327335, 5, 5
46.502289426911716, 8.8325971, 11.3279793, 12, 2
25.833907970554606, 20.99823, 0.0996024, 11, 7
88.35108173776575, 0.29306, 0.0146051, 11, 11
105.69062115512975, 1.8327860999999996, 4.4300718, 13, 5
91.35656894046974, 0.709293, 4.6483966, 13, 10
74.10585540645104, 3.9499040999999995, 0.0155358, 1, 1
92.56457432793172, 2.1863119, 4.3400148000000005, 1, 4
43.92032759340293, 10.7336855, 13.2783467, 1, 7
97.21625462672068, 0.295121, 24.536968799999997, 6, 4
24.48618866217896, 8.51199, 7.96291, 10, 5
90.22733712849731, 2.0856655, 0.760102, 12, 5
99.329168852679, 1.0003963999999999, 4.5549777, 13, 10
80.58360502081189, 2.0940514, 6.2648392, 1, 5
48.229400801931774, 42.44471, 4.02519, 3, 1
59.59793097329441, 9.484509405599999, 8.5742288, 2, 7
90.92780457290814, 2.1298652000000002, 4.882659500000001, 2, 7
109.09568617910463, 3.2637782, 4.398377, 3, 10
64.18684845731275, 4.412616507, 7.0983461, 4, 9
117.331129789452, 1.50533, 4.6225753, 5, 9
40.7690079959126, 7.370762, 0.844325, 5, 9
97.20522982331772, 3.7244898, 2.2873495, 11, 5
99.45218730665147, 3.1862777, 4.6504354, 12, 12
67.0356872585802, 13.1383676, 8.2944482, 13, 11
41.85070551538843, 11.411061164, 15.2338, 2, 9
2310.926888265999, 0.0212239, 5.071956699999999, 3, 10
722.9906644039897, 0.0837122, 4.399449199999999, 3, 10
96.07068038905936, 1.3415519, 4.9904751, 13, 10
39.33548699709979, 5.1820330000000006, 13.139690199999999, 4, 10
102.72405099498815, 1.7351623999999999, 4.822021, 4, 10
63.46227052599727, 4.857847, 0.00230292, 4, 12
107.38063655091014, 4.1073623999999995, 4.29145, 7, 3
124.61743783538554, 1.1006573, 4.649306, 10, 3
93.32177343279432, 0.0368717, 0.770658, 13, 6
86.65105424651347, 0.7053722, 4.57989, 12, 11
58.30857052352803, 11.49663341, 8.558448100000001, 1, 9
23.916776478780548, 9.342669999999998, 12.7265, 2, 9
103.57915989006733, 1.6729589999999999, 4.8697483, 2, 10
98.35097837749436, 0.0239454, 14.41167, 4, 7
63.873400804354446, 17.60716, 9.0468412, 5, 11
33.07804313506472, 4.7846371806, 0.0624644, 11, 12
36.39315576612648, 3.7494449999999997, 13.2557561, 13, 10
59.9789009357587, 3.2940556708, 7.277897500000001, 2, 8
101.8002510431404, 1.1417563, 0.016223, 4, 4
107.8200906870411, 0.0428651, 0.116406, 3, 10
94.78096081405806, 0.00106804, 0.043781, 8, 6
35.40892649761395, 12.9966476708, 0.0166967, 8, 7
106.39977880344236, 0.0245806, 4.8399681, 12, 2
116.476206400921, 2.8711042, 4.6899268, 12, 10
87.67749438890269, 2.2063594, 4.3785557, 3, 3
88.7172417283366, 1.6254336999999999, 4.4675655, 5, 10
97.16937315132304, 1.0411948, 4.520306, 7, 3
107.6731412027757, 4.2933231, 4.417499100000001, 9, 5
79.77773075296955, 0.105613, 6.4893408, 13, 4
101.12516924750639, 1.8673937, 4.4650552, 13, 12
53.68155529249361, 7.0118733, 7.9522003, 4, 1
68.84785060279171, 7.6996664, 7.4655797999999995, 4, 5
108.1800008947032, 1.3279851, 4.663154100000001, 6, 2
56.14144132944682, 44.813959999999994, 10.5724, 7, 1
103.61034986623531, 3.548954, 4.689641999999999, 6, 7
110.85448165408593, 0.5657025999999999, 4.4832462, 6, 8
99.73961091245133, 0.042431, 24.131189999999997, 8, 3
109.14957324744682, 0.8199088, 0.0402583, 10, 7
53.582578258104036, 3.3406611, 9.0751685, 11, 12
70.4504722435023, 22.4450395, 8.637843, 1, 2
105.40878110332392, 4.7831564, 4.5596361100000005, 5, 2
102.11646810491652, 0.0900195, 1.35374882, 6, 8
52.569932506573195, 8.9489061, 9.0443342, 11, 3
91.50087612981906, 3.7566437, 4.7986033, 11, 8
98.87813712375646, 0.0179352, 1.30225, 11, 11
74.91754179623229, 8.27485837, 0.17129648, 13, 9
37.72624830676739, 12.529330900000001, 22.9357, 1, 5
102.74235842247981, 2.06127, 4.627553, 1, 7
75.72361725718508, 4.5406163, 6.0911082, 7, 1
19.68056407703409, 7.993602, 0.00899685, 7, 5
105.95252101331107, 0.18470720000000002, 4.6839758, 9, 12
67.8399714998468, 2.4102661, 5.76877, 12, 1
115.52772881632382, 0.0542073, 0.0474412, 12, 8
103.3551349259053, 2.0652627, 4.3411935, 13, 12
99.54677994397639, 4.177827499999999, 4.566675, 2, 7
52.72814883808746, 8.7608863708, 8.829403500000002, 5, 3
136.23397130023204, 0.587029, 4.5868082999999995, 5, 4
107.67088577940808, 2.7644983, 4.6363494, 7, 6
63.01888988287044, 9.418736506, 7.647580100000001, 9, 12
52.07360547972269, 10.876853, 2.70422358, 2, 3
117.89389084986988, 3.8818881999999997, 4.810205900000001, 5, 7
55.07829373416189, 17.860353500000002, 10.426285700000001, 6, 6
64.43781741284386, 3.7593490000000003, 6.617494199999999, 7, 4
94.6381637206282, 3.57751, 4.8155278, 9, 5
71.02539392155086, 2.3721345, 6.0869447999999995, 1, 6
57.54753472454831, 1.6481919999999999, 36.5817234, 5, 6
78.37925548173337, 0.8314874, 0.0118686, 6, 7
102.52089975889726, 1.6503026, 4.669457, 7, 4
49.56456954401199, 27.70823491, 21.3933, 11, 12
62.136917340418904, 4.5472285, 7.1767528, 13, 9
28.98656583778552, 8.016110000000001, 20.6313, 1, 1
104.99169065205115, 0.0660389, 4.429347, 1, 1
106.44121645547193, 3.4397862999999997, 4.6297939999999995, 4, 3
102.3762253492248, 2.7340488, 4.4954174, 4, 3
80.20599706443363, 2.5934903, 5.37764, 5, 5
111.41990533948592, 4.4098103, 4.469886, 7, 6
72.8989500024112, 3.6760897000000003, 5.9928832000000005, 7, 8
98.44464966420537, 0.00296986, 0.899625, 13, 11
102.79345586034015, 1.8736083, 4.579499200000001, 1, 7
107.11152348311907, 0.815775, 4.293435, 3, 8
92.96007198723305, 0.934886, 5.4284482, 5, 2
103.53218854073657, 0.0597184, 4.846361, 5, 7
102.60686353149981, 0.00433396, 10.040735999999999, 9, 2
100.3025731615744, 2.310802, 4.3968415, 8, 7
64.8609504306603, 11.42353, 7.3649286, 12, 10
44.92713862655262, 5.941889000000001, 11.01267767, 13, 7
94.25098190877043, 0.0508086, 4.732046, 13, 9
71.48200994369745, 5.8127444200000005, 6.5204393000000005, 13, 10
38.48160406336547, 7.4533343, 12.241788999999999, 2, 1
42.90771695799185, 9.852469, 13.7930758, 4, 9
52.98642238134528, 24.415280000000003, 15.2248, 11, 9
90.72947341146937, 0.00374647, 1.4678660000000001, 11, 9
100.79370870400317, 3.962902, 5.1876596159999995, 11, 9
47.49232688320615, 16.323652600000003, 14.6456, 1, 5
30.80840335191533, 11.38263, 17.272882199999998, 1, 8
115.91772678278608, 2.0494848, 4.9264098, 5, 7
67.80301225278197, 1.1448761, 5.9795136, 5, 7
104.8378326966506, 3.7796622999999996, 1.5895891, 4, 12
95.04261021787875, 2.0485468, 0.0113011, 8, 7
98.81659773975275, 0.0222912, 15.281020000000002, 11, 2
104.9507343808516, 2.9382610999999996, 4.646552300000001, 11, 6
32.88275105684056, 14.857840000000001, 10.9771, 11, 6
52.06090761157145, 17.051587, 0.0303202, 12, 8
86.00991731112458, 0.0178827, 6.744730000000001, 13, 10
92.2066152576117, 2.6622579999999996, 4.904611999999999, 2, 1
73.21195785954694, 10.49105, 0.154507, 1, 9
63.94271096719365, 3.8881995, 7.0937824, 3, 10
102.85704523987397, 2.08745, 4.6039484, 4, 9
9.85321646131456, 2.3066927, 5.90154048, 10, 1
48.04117493504509, 2.969797, 9.0222417, 10, 6
43.88920582998378, 13.965269800000002, 14.5683, 11, 6
102.53542429992399, 3.15866, 0.0245877, 12, 6
6.105361349860914, 2.558928592, 0.851042, 12, 12
93.15011707927829, 21.87777, 0.159113, 13, 10
95.46407384162626, 3.0065626, 4.355532500000001, 1, 10
109.28181610904949, 2.00801, 4.3802604, 2, 11
45.215576478814, 8.42148, 11.8368781, 5, 10
23.903171071036013, 20.33436, 0.290656, 8, 11
57.076320522788365, 4.002098960800001, 6.712015500000001, 3, 8
93.1754607081898, 0.0516768, 37.60423, 5, 6
101.4949505309371, 0.694416, 4.9917777, 5, 11
103.72412086394206, 1.38779, 4.8551782999999995, 8, 11
112.06117521321016, 3.7903518000000003, 0.186159, 11, 6
93.44907295012149, 4.795839, 4.5333907, 13, 8
93.444846839717, 3.7463827, 3.0845396, 2, 3
97.7244184674712, 2.38925, 0.266259, 3, 4
86.53177571245783, 2.1897870999999998, 5.139479, 5, 8
50.12328245505182, 9.066377000000001, 10.5993, 8, 8
96.38281529810251, 0.3087756, 4.4607882000000005, 11, 4
94.62015902915164, 1.6034329999999999, 4.5055794, 11, 5
94.92638409034794, 0.523535, 0.20683, 12, 2
94.89463964777542, 3.2015059999999997, 4.49596, 2, 8
95.85034346661587, 0.0137644, 3.4650092, 3, 8
106.29979157297225, 3.2533982, 4.6284026, 4, 11
87.41437887417874, 0.0402778, 4.914423599999999, 7, 4
91.69148620715737, 0.0215537, 4.96574, 8, 1
35.635762586921146, 11.73195, 13.64805, 8, 1
33.37622427394592, 3.1348800708, 16.3951343, 11, 2
69.08884755251097, 2.247535, 6.4079554000000005, 13, 10
106.76995074573597, 1.2308989000000001, 4.400061, 13, 12
47.81025845481474, 10.7516414, 11.5841332, 1, 5
95.54843174619327, 3.6669421, 4.5760525, 3, 4
104.95192069089717, 2.717478, 4.243331400000001, 5, 11
85.27757163453839, 1.6969822, 2.21537396, 7, 7
94.84455796284078, 0.498938, 0.8477091, 7, 8
38.82534062914931, 14.696059, 22.9523, 8, 9
71.59581423583177, 2.5569469, 0.045975, 8, 11
99.54087219491453, 0.00179307, 15.966588000000002, 13, 4
103.02357560508199, 2.03003, 0.98885384, 13, 10
52.32824423454292, 6.4539177707999995, 10.1324863, 5, 1
65.9660359791012, 3.5327916, 7.4382167, 5, 2
51.60622219770073, 39.5988, 10.6202, 6, 3
25.267324485877225, 11.879605000000002, 0.152229, 5, 9
85.6677808951473, 2.711038, 4.8279499, 5, 9
99.27218138936223, 1.5104346, 4.3185674, 9, 6
49.930607414976976, 3.1656767, 8.322448699999999, 12, 4
105.99800202828146, 3.39316, 4.73388548, 1, 2
20.71493009394908, 17.60569, 0.156433, 1, 3
11.077056252532088, 7.13092, 1.33494, 1, 4
98.79833574736563, 0.00175012, 23.136316264999998, 4, 9
54.35591624955589, 13.609811800000001, 0.01551396, 9, 1
94.29138202864601, 0.7971977, 4.3026933, 9, 9
85.46722787848262, 0.0154449, 0.0719767, 11, 11
30.891621169210907, 16.102743, 4.59683e-5, 12, 12
25.434026668983734, 7.5628076708, 0.732929, 4, 5
107.69396487910262, 2.3511889999999998, 3.1334006999999997, 3, 10
87.84485467078002, 1.3445226000000001, 0.453611, 3, 11
72.6973608354499, 4.248857, 5.8938518, 8, 1
108.5107730799084, 3.1126085999999997, 4.7325326, 9, 4
111.95914545604273, 4.237751, 4.817899720000001, 10, 11
46.367398751078895, 4.9486884708000005, 10.638142199999999, 12, 8
109.0376506200721, 2.6391842, 4.5594877, 12, 9
39.755323715202394, 27.67201, 10.5063, 13, 9
97.6870147234863, 1.876052, 3.7654089, 1, 5
44.09304363765739, 21.744305200000003, 21.4817, 2, 9
106.5039481567137, 0.0561805, 0.0746209, 2, 9
109.2672661205836, 0.0431301, 4.5229895, 6, 10
48.284430694069215, 18.9562932, 16.6801, 6, 12
40.38943274673818, 11.22339, 0.0242398, 11, 12
38.876662534999696, 6.0618006, 14.211868599999999, 1, 4
90.3622126851883, 1.36397, 4.686711, 1, 6
58.6031330242904, 18.859356140000003, 10.3848963, 3, 5
111.01110346870996, 1.37093, 4.42982, 2, 11
91.34571250968065, 0.00347832, 0.012551, 6, 2
117.3443041189496, 0.4967296, 5.014595900000001, 13, 10
108.05538817644742, 2.8345067999999998, 4.6033, 3, 8
102.57497522048834, 0.495649, 4.7606318000000005, 3, 8
38.783441395301566, 26.162104153999998, 0.009216758, 3, 9
89.67137585242222, 0.0439296, 0.328755, 4, 12
96.12375433158354, 3.9729239, 4.9308795, 4, 12
71.46015526601911, 20.213590800000002, 7.9650647, 11, 1
109.04371541475007, 1.5145170000000001, 4.3255165, 4, 8
106.08859272358791, 4.258175, 4.5418677, 8, 10
108.1147986923852, 4.1666092, 4.7370068, 8, 10
90.89732521975907, 0.725454, 4.4321195, 7, 11
95.768870326546, 0.0107141, 17.388530000000003, 13, 1
92.83652336627165, 2.6175433999999997, 4.680998499999999, 13, 2
101.19091907439633, 1.625427, 4.9560799, 1, 4
39.610646502029795, 8.978629999999999, 13.8912, 3, 4
63.29344758757293, 7.5426559, 7.4803931, 3, 4
44.70481736209308, 5.0986098, 9.88043, 3, 5
105.12713467555022, 0.184642, 4.3276346, 4, 3
104.59505426267742, 1.1442468, 4.2965349999999995, 6, 1
120.12574522255318, 0.22308, 0.62217557, 8, 10
97.6641027729031, 3.4957144, 4.7033609, 10, 7
90.2365450038235, 3.1756713999999997, 2.7786329999999997, 10, 7
97.06759580819562, 4.3088905, 4.574261, 10, 10
101.76444884698617, 0.0375342, 0.629359, 10, 10
98.23748659325497, 0.107306, 4.3034438, 1, 1
45.42312084025309, 0.8049577099999999, 8.855615400000001, 1, 2
41.46924398357885, 12.617073900000001, 16.6664146, 1, 3
25.7588071341587, 2.46098, 20.9607, 1, 6
97.56317526054431, 0.0211313, 48.37298, 3, 4
113.92688326475036, 0.667125, 0.133127, 10, 10
75.4060240347452, 5.204325000000001, 6.834885, 12, 12
68.27412812297075, 3.8214148, 4.7916822, 13, 10
93.80013136756065, 0.0210403, 30.19231, 4, 7
66.23937294333632, 3.810508, 6.44834, 5, 12
86.843071379506, 4.0562017, 4.6073766, 8, 3
103.10990448016105, 0.535292, 0.013169, 1, 1
53.35413118917745, 9.2900269, 8.817595, 2, 6
104.16814460059118, 0.188122, 4.4586727, 1, 11
93.37669400129312, 0.284563, 4.246326300000001, 3, 5
46.56540426727622, 8.2473394, 10.1484, 3, 5
99.12634761065374, 1.0712604000000001, 4.2519207, 5, 1
97.69784334114274, 2.6298779999999997, 0.101861, 5, 3
43.18090564876127, 16.43451, 19.3597, 5, 8
23.425011784030403, 14.7587776708, 7.29823, 8, 7
101.37382725825364, 2.6698567, 4.962111200000001, 12, 7
20.9982384859278, 9.655497, 10.2688, 13, 4
94.78625234983701, 0.504103, 0.0658448, 13, 9
95.32170673901646, 3.4312983, 4.6842495, 13, 10
28.338655660422205, 5.08482, 21.6699, 1, 6
107.62440830046671, 1.9216815, 4.5495724, 2, 4
106.97917240077686, 2.040697, 4.9880942, 6, 7
57.06759959213525, 9.7993766708, 2.0670633, 9, 3
88.37617652321933, 1.335745, 4.309526, 9, 3
89.37472785285786, 1.0503731, 0.00324223, 11, 3
55.783213868899, 7.0897798, 8.0735516, 1, 3
101.72331011554502, 0.00382441, 6.85426, 3, 6
109.77777182662726, 0.500332, 3.4743266, 3, 7
65.21176891700941, 1.0905984, 6.9433479, 8, 8
95.55102480921437, 2.28456, 4.8483901000000005, 10, 5
52.31020875218496, 14.007172899999999, 9.74226, 12, 2
37.94736672408396, 27.741253999999998, 9.07376, 12, 2
107.7370074972107, 2.8252295, 4.5790812, 12, 9
106.04072588833765, 1.88293, 4.898859, 2, 1
95.34385053206051, 2.64116948, 4.797057199999999, 7, 1
103.48728176835698, 0.836442, 4.8941187, 10, 4
93.51975573042114, 0.7793268999999999, 4.9706597, 13, 6
39.91463780504694, 5.3380341708, 11.8929147, 13, 7
